{
  "accessProfileList": {
    "@xmlns:xsi": "http://www.w3.org/2001/XMLSchema-instance",
    "currentPage": "1",
    "totalPages": "1",
    "pageSize": "1",
    "positionIndex": "positionIndex1",
    "returnPage": "1",
    "returnPositionIndex": "returnPositionIndex1",
    "accessProfile": {
      "accessProfileId": "accessProfileId1",
      "actor": {
        "fiUserId": "fiUserId1"
      },
      "language": "language1",
      "locale": "locale1",
      "characterEncoding": "characterEncoding1",
      "createAccessDateTime": "1900-01-01T01:01:01Z",
      "savedAccessProfile": "true",
      "softwareClient": {
        "softwareClientId": "softwareClientId1",
        "rawSoftwareClientDetail": "rawSoftwareClientDetail1",
        "browserName": "browserName1",
        "browserVersion": "browserVersion1",
        "operatingSystemName": "operatingSystemName1",
        "operatingSystemVersion": "operatingSystemVersion1"
      },
      "device": {
        "deviceId": "deviceId1",
        "deviceType": "deviceType1",
        "deviceName": "deviceName1",
        "rawDeviceDetail": "rawDeviceDetail1",
        "ipAddress": "ipAddress1",
        "manufacturer": "manufacturer1"
      }
    }
  }
}