{
  "accessProfileMessage": {
    "@xmlns:xsi": "http://www.w3.org/2001/XMLSchema-instance",
    "messageContext": {
      "cufxVersion": "1.0.3",
      "requestId": "requestId1",
      "vendorId": "vendorId1",
      "appId": "appId1",
      "fiId": "fiId1",
      "dataSourceId": "dataSourceId1",
      "environment": "Development",
      "returnDataFilter": "All",
      "includeBlankFields": "true",
      "includeZeroNumerics": "true",
      "userList": {
        "currentPage": "1",
        "totalPages": "1",
        "pageSize": "1",
        "positionIndex": "positionIndex1",
        "returnPage": "1",
        "returnPositionIndex": "returnPositionIndex1",
        "user": {
          "userId": "userId1",
          "processorSessionId": "processorSessionId1",
          "userType": "EmployeeId"
        }
      },
      "statusList": {
        "currentPage": "1",
        "totalPages": "1",
        "pageSize": "1",
        "positionIndex": "positionIndex1",
        "returnPage": "1",
        "returnPositionIndex": "returnPositionIndex1",
        "status": {
          "@xsi:nil": "true"
        }
      },
      "customData": {
        "currentPage": "1",
        "totalPages": "1",
        "pageSize": "1",
        "positionIndex": "positionIndex1",
        "returnPage": "1",
        "returnPositionIndex": "returnPositionIndex1",
        "valuePair": {
          "name": "name1",
          "value": "value1"
        }
      }
    },
    "accessProfileFilter": {
      "accessProfileIdList": {
        "currentPage": "1",
        "totalPages": "1",
        "pageSize": "1",
        "positionIndex": "positionIndex1",
        "returnPage": "1",
        "returnPositionIndex": "returnPositionIndex1",
        "accessProfileId": "accessProfileId1"
      },
      "createAccessDateRange": {
        "startDateTime": "1900-01-01T01:01:01Z",
        "endDateTime": "1900-01-01T01:01:01Z"
      }
    },
    "accessProfileList": {
      "currentPage": "1",
      "totalPages": "1",
      "pageSize": "1",
      "positionIndex": "positionIndex1",
      "returnPage": "1",
      "returnPositionIndex": "returnPositionIndex1",
      "accessProfile": {
        "accessProfileId": "accessProfileId1",
        "actor": {
          "fiUserId": "fiUserId1"
        },
        "language": "language1",
        "locale": "locale1",
        "characterEncoding": "characterEncoding1",
        "createAccessDateTime": "1900-01-01T01:01:01Z",
        "savedAccessProfile": "true",
        "softwareClient": {
          "softwareClientId": "softwareClientId1",
          "rawSoftwareClientDetail": "rawSoftwareClientDetail1",
          "browserName": "browserName1",
          "browserVersion": "browserVersion1",
          "operatingSystemName": "operatingSystemName1",
          "operatingSystemVersion": "operatingSystemVersion1"
        },
        "device": {
          "deviceId": "deviceId1",
          "deviceType": "deviceType1",
          "deviceName": "deviceName1",
          "rawDeviceDetail": "rawDeviceDetail1",
          "ipAddress": "ipAddress1",
          "manufacturer": "manufacturer1"
        }
      }
    }
  }
}