{
  "accessProfileFilter": {
    "@xmlns:xsi": "http://www.w3.org/2001/XMLSchema-instance",
    "accessProfileIdList": {
      "currentPage": "1",
      "totalPages": "1",
      "pageSize": "1",
      "positionIndex": "positionIndex1",
      "returnPage": "1",
      "returnPositionIndex": "returnPositionIndex1",
      "accessProfileId": "accessProfileId1"
    },
    "createAccessDateRange": {
      "startDateTime": "1900-01-01T01:01:01Z",
      "endDateTime": "1900-01-01T01:01:01Z"
    }
  }
}