{
  "activityMessage": {
    "@xmlns:xsi": "http://www.w3.org/2001/XMLSchema-instance",
    "messageContext": {
      "cufxVersion": "1.0.3",
      "requestId": "requestId1",
      "vendorId": "vendorId1",
      "appId": "appId1",
      "fiId": "fiId1",
      "dataSourceId": "dataSourceId1",
      "environment": "Development",
      "returnDataFilter": "All",
      "includeBlankFields": "true",
      "includeZeroNumerics": "true",
      "userList": {
        "currentPage": "1",
        "totalPages": "1",
        "pageSize": "1",
        "positionIndex": "positionIndex1",
        "returnPage": "1",
        "returnPositionIndex": "returnPositionIndex1",
        "user": {
          "userId": "userId1",
          "processorSessionId": "processorSessionId1",
          "userType": "EmployeeId"
        }
      },
      "statusList": {
        "currentPage": "1",
        "totalPages": "1",
        "pageSize": "1",
        "positionIndex": "positionIndex1",
        "returnPage": "1",
        "returnPositionIndex": "returnPositionIndex1",
        "status": {
          "@xsi:nil": "true"
        }
      },
      "customData": {
        "currentPage": "1",
        "totalPages": "1",
        "pageSize": "1",
        "positionIndex": "positionIndex1",
        "returnPage": "1",
        "returnPositionIndex": "returnPositionIndex1",
        "valuePair": {
          "name": "name1",
          "value": "value1"
        }
      }
    },
    "activityFilter": {
      "activityIdList": {
        "currentPage": "1",
        "totalPages": "1",
        "pageSize": "1",
        "positionIndex": "positionIndex1",
        "returnPage": "1",
        "returnPositionIndex": "returnPositionIndex1",
        "activityId": {
          "@xsi:nil": "true"
        }
      },
      "activityStatusList": {
        "currentPage": "1",
        "totalPages": "1",
        "pageSize": "1",
        "positionIndex": "positionIndex1",
        "returnPage": "1",
        "returnPositionIndex": "returnPositionIndex1",
        "activityStatus": {
          "@xsi:nil": "true"
        }
      },
      "activityTypeList": {
        "currentPage": "1",
        "totalPages": "1",
        "pageSize": "1",
        "positionIndex": "positionIndex1",
        "returnPage": "1",
        "returnPositionIndex": "returnPositionIndex1",
        "activityType": {
          "@xsi:nil": "true"
        }
      },
      "creatorList": {
        "currentPage": "1",
        "totalPages": "1",
        "pageSize": "1",
        "positionIndex": "positionIndex1",
        "returnPage": "1",
        "returnPositionIndex": "returnPositionIndex1",
        "activityType": {
          "@xsi:nil": "true"
        }
      },
      "activityRelatedTo": {
        "contactIdList": {
          "currentPage": "1",
          "totalPages": "1",
          "pageSize": "1",
          "positionIndex": "positionIndex1",
          "returnPage": "1",
          "returnPositionIndex": "returnPositionIndex1",
          "contactId": "contactId1"
        },
        "partyIdList": {
          "currentPage": "1",
          "totalPages": "1",
          "pageSize": "1",
          "positionIndex": "positionIndex1",
          "returnPage": "1",
          "returnPositionIndex": "returnPositionIndex1",
          "partyId": "partyId1"
        },
        "unknownPartyList": {
          "currentPage": "1",
          "totalPages": "1",
          "pageSize": "1",
          "positionIndex": "positionIndex1",
          "returnPage": "1",
          "returnPositionIndex": "returnPositionIndex1",
          "party": {
            "id": "id1",
            "taxInformationList": {
              "currentPage": "1",
              "totalPages": "1",
              "pageSize": "1",
              "positionIndex": "positionIndex1",
              "returnPage": "1",
              "returnPositionIndex": "returnPositionIndex1",
              "taxInformation": {
                "taxId": "taxId1",
                "taxIdEncrypted": "true",
                "taxIdType": "SocialSecurityNumber",
                "otherTaxIdType": "otherTaxIdType1",
                "reportingFlag": "true",
                "verifiedTaxIdFlag": "true",
                "taxIdWarningCount": "0",
                "backupWithholdingFlag": "true",
                "backupWithholdingReason": "backupWithholdingReason1",
                "backupWithholdingExemptionReason": "ExceptFromWithholding",
                "backupWithholdingEffectiveDate": "1900-01-01"
              }
            },
            "type": "Individual",
            "characteristics": {
              "organization": {
                "organizationType": "SoleProprietorship",
                "organizationName": "organizationName1",
                "doingBusinessAsList": {
                  "currentPage": "1",
                  "totalPages": "1",
                  "pageSize": "1",
                  "positionIndex": "positionIndex1",
                  "returnPage": "1",
                  "returnPositionIndex": "returnPositionIndex1",
                  "doingBusinessAs": {
                    "@xsi:nil": "true"
                  }
                }
              }
            },
            "identificationDocumentList": {
              "currentPage": "1",
              "totalPages": "1",
              "pageSize": "1",
              "positionIndex": "positionIndex1",
              "returnPage": "1",
              "returnPositionIndex": "returnPositionIndex1",
              "identificationDocument": {
                "@xsi:nil": "true"
              }
            },
            "eligibilityRequirementMetList": {
              "currentPage": "1",
              "totalPages": "1",
              "pageSize": "1",
              "positionIndex": "positionIndex1",
              "returnPage": "1",
              "returnPositionIndex": "returnPositionIndex1",
              "eligibilityRequirementMet": {
                "@xsi:nil": "true"
              }
            },
            "contactIdList": {
              "currentPage": "1",
              "totalPages": "1",
              "pageSize": "1",
              "positionIndex": "positionIndex1",
              "returnPage": "1",
              "returnPositionIndex": "returnPositionIndex1",
              "contactId": "contactId1"
            },
            "contactList": {
              "currentPage": "1",
              "totalPages": "1",
              "pageSize": "1",
              "positionIndex": "positionIndex1",
              "returnPage": "1",
              "returnPositionIndex": "returnPositionIndex1",
              "contact": {
                "contactId": "contactId1",
                "contactType": "Address",
                "contactPersonName": {
                  "firstName": "firstName1",
                  "middleName": "middleName1",
                  "lastName": "lastName1",
                  "prefix": "prefix1",
                  "suffix": "suffix1",
                  "formattedName": "formattedName1",
                  "nickname": "nickname1"
                },
                "contactPoint": {
                  "address": {
                    "line1": "line11",
                    "line2": "line21",
                    "line3": "line31",
                    "line4": "line41",
                    "line5": "line51",
                    "line6": "line61",
                    "line7": "line71",
                    "line8": "line81",
                    "line9": "line91",
                    "line10": "line101",
                    "city": "city1",
                    "stateProvince": "stateProvince1",
                    "postalCode": "postalCode1",
                    "countryCode": "AD",
                    "country": "country1",
                    "coordinate": {
                      "latitude": "1",
                      "longitude": "1"
                    },
                    "addressType": "Home",
                    "effectiveDateTime": "1900-01-01T01:01:01Z",
                    "expirationDateTime": "1900-01-01T01:01:01Z",
                    "timeAtAddress": "P396DT1H1M1S",
                    "addressVerifyDateTime": "1900-01-01T01:01:01Z"
                  }
                },
                "timeOfDay": "Afternoon",
                "demonstratedAccess": {
                  "dateTime": "1900-01-01T01:01:01Z",
                  "fullName": "fullName1",
                  "userName": "userName1"
                },
                "badContactPoint": "true",
                "customData": {
                  "currentPage": "1",
                  "totalPages": "1",
                  "pageSize": "1",
                  "positionIndex": "positionIndex1",
                  "returnPage": "1",
                  "returnPositionIndex": "returnPositionIndex1",
                  "valuePair": null
                }
              }
            },
            "fiUserIdList": {
              "currentPage": "1",
              "totalPages": "1",
              "pageSize": "1",
              "positionIndex": "positionIndex1",
              "returnPage": "1",
              "returnPositionIndex": "returnPositionIndex1",
              "fiUserId": "fiUserId1"
            },
            "householdId": "householdId1",
            "partyDateCreated": "1900-01-01",
            "partyDateModified": "1900-01-01",
            "partyDateDeleted": "1900-01-01",
            "noteList": {
              "currentPage": "1",
              "totalPages": "1",
              "pageSize": "1",
              "positionIndex": "positionIndex1",
              "returnPage": "1",
              "returnPositionIndex": "returnPositionIndex1",
              "note": {
                "noteId": "noteId1",
                "recordType": "Account",
                "noteCode": "noteCode1",
                "noteText": "noteText1",
                "noteCreatedDateTime": "1900-01-01T01:01:01Z",
                "noteExpirationDate": "1900-01-01",
                "noteCreator": "noteCreator1"
              }
            },
            "customData": {
              "currentPage": "1",
              "totalPages": "1",
              "pageSize": "1",
              "positionIndex": "positionIndex1",
              "returnPage": "1",
              "returnPositionIndex": "returnPositionIndex1",
              "valuePair": null
            }
          }
        },
        "relationshipIdList": {
          "currentPage": "1",
          "totalPages": "1",
          "pageSize": "1",
          "positionIndex": "positionIndex1",
          "returnPage": "1",
          "returnPositionIndex": "returnPositionIndex1",
          "relationshipId": "relationshipId1"
        },
        "accountIdList": {
          "currentPage": "1",
          "totalPages": "1",
          "pageSize": "1",
          "positionIndex": "positionIndex1",
          "returnPage": "1",
          "returnPositionIndex": "returnPositionIndex1",
          "accountId": "accountId1"
        }
      },
      "activityScheduled": "true",
      "activityDateRange": {
        "startDateTime": "1900-01-01T01:01:01Z",
        "endDateTime": "1900-01-01T01:01:01Z"
      },
      "activityStartDateRange": {
        "startDateTime": "1900-01-01T01:01:01Z",
        "endDateTime": "1900-01-01T01:01:01Z"
      },
      "activityCreationDateRange": {
        "startDateTime": "1900-01-01T01:01:01Z",
        "endDateTime": "1900-01-01T01:01:01Z"
      },
      "activityModifiedDateRange": {
        "startDateTime": "1900-01-01T01:01:01Z",
        "endDateTime": "1900-01-01T01:01:01Z"
      },
      "activityRequestedDateRange": {
        "startDateTime": "1900-01-01T01:01:01Z",
        "endDateTime": "1900-01-01T01:01:01Z"
      },
      "activityDueDateRange": {
        "startDateTime": "1900-01-01T01:01:01Z",
        "endDateTime": "1900-01-01T01:01:01Z"
      },
      "activityArchivedDateRange": {
        "startDateTime": "1900-01-01T01:01:01Z",
        "endDateTime": "1900-01-01T01:01:01Z"
      },
      "activityDeletedDateRange": {
        "startDateTime": "1900-01-01T01:01:01Z",
        "endDateTime": "1900-01-01T01:01:01Z"
      },
      "activityMinAmount": {
        "value": "1",
        "currencyCode": "USD",
        "exchangeRate": "1"
      },
      "activityMaxAmount": {
        "value": "1",
        "currencyCode": "USD",
        "exchangeRate": "1"
      }
    },
    "activityList": {
      "currentPage": "1",
      "totalPages": "1",
      "pageSize": "1",
      "positionIndex": "positionIndex1",
      "returnPage": "1",
      "returnPositionIndex": "returnPositionIndex1",
      "activity": {
        "activityId": {
          "activityUniqueId": "activityUniqueId1"
        },
        "previousActivityId": "previousActivityId1",
        "externalActivityId": "externalActivityId1",
        "activityRelatedTo": null,
        "activityStatus": "New",
        "activityType": "activityType1",
        "activityName": "activityName1",
        "activityShortDescription": "activityShortDescription1",
        "activityDescription": "activityDescription1",
        "activityFieldImpactedList": {
          "currentPage": "1",
          "totalPages": "1",
          "pageSize": "1",
          "positionIndex": "positionIndex1",
          "returnPage": "1",
          "returnPositionIndex": "returnPositionIndex1",
          "activityFieldImpacted": {
            "activityFieldId": "activityFieldId1",
            "activityFieldName": "activityFieldName1",
            "activityFieldDataType": "activityFieldDataType1",
            "activityFieldPreviousValue": "activityFieldPreviousValue1",
            "activityFieldNewValue": "activityFieldNewValue1"
          }
        },
        "creator": "creator1",
        "activityNoteList": {
          "currentPage": "1",
          "totalPages": "1",
          "pageSize": "1",
          "positionIndex": "positionIndex1",
          "returnPage": "1",
          "returnPositionIndex": "returnPositionIndex1"
        },
        "credentialTypesRequiredList": {
          "currentPage": "1",
          "totalPages": "1",
          "pageSize": "1",
          "positionIndex": "positionIndex1",
          "returnPage": "1",
          "returnPositionIndex": "returnPositionIndex1",
          "credentialType": "Username"
        },
        "credentialsProvidedList": {
          "currentPage": "1",
          "totalPages": "1",
          "pageSize": "1",
          "positionIndex": "positionIndex1",
          "returnPage": "1",
          "returnPositionIndex": "returnPositionIndex1",
          "credentialGroup": {
            "@xsi:nil": "true"
          }
        },
        "activityDateTime": "1900-01-01T01:01:01Z",
        "activityAmount": {
          "value": "1",
          "currencyCode": "USD",
          "exchangeRate": "1"
        },
        "activityCreationDateTime": "1900-01-01T01:01:01Z",
        "activityModifiedDateTime": "1900-01-01T01:01:01Z",
        "activityRequestedDateTime": "1900-01-01T01:01:01Z",
        "activityDueDateTime": "1900-01-01T01:01:01Z",
        "activityStartDateTime": "1900-01-01T01:01:01Z",
        "activityCompletedDateTime": "1900-01-01T01:01:01Z",
        "activityArchivedDatetime": "1900-01-01T01:01:01Z",
        "activityDeletedDateTime": "1900-01-01T01:01:01Z",
        "activityIpAddress": "activityIpAddress1",
        "activityScheduled": "true",
        "activityCustomData": {
          "currentPage": "1",
          "totalPages": "1",
          "pageSize": "1",
          "positionIndex": "positionIndex1",
          "returnPage": "1",
          "returnPositionIndex": "returnPositionIndex1",
          "valuePair": null
        }
      }
    }
  }
}