{
  "artifactFilter": {
    "@xmlns:xsi": "http://www.w3.org/2001/XMLSchema-instance",
    "artifactIdList": {
      "currentPage": "1",
      "totalPages": "1",
      "pageSize": "1",
      "positionIndex": "positionIndex1",
      "returnPage": "1",
      "returnPositionIndex": "returnPositionIndex1",
      "artifactId": {
        "@xsi:nil": "true"
      }
    },
    "artifactName": "artifactName1",
    "artifactDescription": "artifactDescription1",
    "artifactArchived": "true",
    "artifactCreationDateRange": {
      "startDateTime": "1900-01-01T01:01:01Z",
      "endDateTime": "1900-01-01T01:01:01Z"
    },
    "artifactModifiedDateRange": {
      "startDateTime": "1900-01-01T01:01:01Z",
      "endDateTime": "1900-01-01T01:01:01Z"
    },
    "artifactArchivedDateRange": {
      "startDateTime": "1900-01-01T01:01:01Z",
      "endDateTime": "1900-01-01T01:01:01Z"
    },
    "artifactDeletedDateRange": {
      "startDateTime": "1900-01-01T01:01:01Z",
      "endDateTime": "1900-01-01T01:01:01Z"
    }
  }
}