{
  "artifactList": {
    "@xmlns:xsi": "http://www.w3.org/2001/XMLSchema-instance",
    "currentPage": "1",
    "totalPages": "1",
    "pageSize": "1",
    "positionIndex": "positionIndex1",
    "returnPage": "1",
    "returnPositionIndex": "returnPositionIndex1",
    "artifact": {
      "artifactId": {
        "artifactUniqueId": "artifactUniqueId1"
      },
      "artifactType": "artifactType1",
      "externalId": "externalId1",
      "artifact": "base64Binary Content",
      "artifactName": "artifactName1",
      "artifactDescription": "artifactDescription1",
      "artifactOwner": "artifactOwner1",
      "artifactCreationDate": "1900-01-01T01:01:01Z",
      "artifactModifiedDate": "1900-01-01T01:01:01Z",
      "artifactArchivedDate": "1900-01-01T01:01:01Z",
      "artifactDeletedDate": "1900-01-01T01:01:01Z",
      "artifactCompressionType": "artifactCompressionType1",
      "artifactArchived": "true",
      "customData": {
        "currentPage": "1",
        "totalPages": "1",
        "pageSize": "1",
        "positionIndex": "positionIndex1",
        "returnPage": "1",
        "returnPositionIndex": "returnPositionIndex1",
        "valuePair": {
          "name": "name1",
          "value": "value1"
        }
      }
    }
  }
}