{
  "billList": {
    "@xmlns:xsi": "http://www.w3.org/2001/XMLSchema-instance",
    "currentPage": "1",
    "totalPages": "1",
    "pageSize": "1",
    "positionIndex": "positionIndex1",
    "returnPage": "1",
    "returnPositionIndex": "returnPositionIndex1",
    "bill": {
      "billId": "billId1",
      "billImageArtifactId": {
        "artifactUniqueId": "artifactUniqueId1"
      },
      "eBillUri": "http://uri1",
      "billFromPayeeId": "billFromPayeeId1",
      "billFromPayeeGlobalId": "billFromPayeeGlobalId1",
      "partyId": "partyId1",
      "relationshipId": "relationshipId1",
      "accountId": "accountId1",
      "isEBill": "true",
      "dueAmount": {
        "value": "1",
        "currencyCode": "USD",
        "exchangeRate": "1"
      },
      "earlyPaymentAmount": {
        "value": "1",
        "currencyCode": "USD",
        "exchangeRate": "1"
      },
      "minimumPaymentAmount": {
        "value": "1",
        "currencyCode": "USD",
        "exchangeRate": "1"
      },
      "sentDateTime": "1900-01-01T01:01:01Z",
      "dueDateTime": "1900-01-01T01:01:01Z",
      "earlyPaymentDateTime": "1900-01-01T01:01:01Z",
      "lateFee": {
        "value": "1",
        "currencyCode": "USD",
        "exchangeRate": "1"
      },
      "updatedDateTime": "1900-01-01T01:01:01Z",
      "billStatus": "Due",
      "paymentClearedDateTime": "1900-01-01T01:01:01Z",
      "customData": {
        "currentPage": "1",
        "totalPages": "1",
        "pageSize": "1",
        "positionIndex": "positionIndex1",
        "returnPage": "1",
        "returnPositionIndex": "returnPositionIndex1",
        "valuePair": {
          "name": "name1",
          "value": "value1"
        }
      }
    }
  }
}