{
  "billPaymentOccurrenceList": {
    "@xmlns:xsi": "http://www.w3.org/2001/XMLSchema-instance",
    "currentPage": "1",
    "totalPages": "1",
    "pageSize": "1",
    "positionIndex": "positionIndex1",
    "returnPage": "1",
    "returnPositionIndex": "returnPositionIndex1",
    "billPaymentOccurrence": {
      "occurrenceId": "occurrenceId1",
      "recurringId": "recurringId1",
      "occurrenceAmount": {
        "value": "1",
        "currencyCode": "USD",
        "exchangeRate": "1"
      },
      "occurrenceFromAccount": {
        "accountId": "accountId1",
        "type": "Checking",
        "openDate": "1900-01-01",
        "closeDate": "1900-01-01",
        "accountStatus": {
          "depositAccountStatus": "Active"
        },
        "accountSubStatus": "accountSubStatus1",
        "micrAccountNumber": "micrAccountNumber1",
        "routingNumber": "routingNumber1",
        "displayAccountId": "displayAccountId1"
      },
      "occurrenceToAccount": {
        "accountId": "accountId1",
        "type": "Checking",
        "openDate": "1900-01-01",
        "closeDate": "1900-01-01",
        "accountSubStatus": "accountSubStatus1",
        "micrAccountNumber": "micrAccountNumber1",
        "routingNumber": "routingNumber1",
        "displayAccountId": "displayAccountId1"
      },
      "occurrenceStatus": "Scheduled",
      "fundsWithdrawalType": "WhenRequested",
      "occurrenceMemo": "occurrenceMemo1",
      "estimatedProcessDateTime": "1900-01-01T01:01:01Z",
      "createdDateTime": "1900-01-01T01:01:01Z",
      "processingStartedDateTime": "1900-01-01T01:01:01Z",
      "processedDateTime": "1900-01-01T01:01:01Z",
      "completedDateTime": "1900-01-01T01:01:01Z",
      "lastUpdatedDateTime": "1900-01-01T01:01:01Z",
      "occurrenceConfirmationCode": "occurrenceConfirmationCode1",
      "queuedForPosting": "true",
      "note": "note1",
      "batchId": "batchId1",
      "occurrenceType": "AccountToAccount",
      "customData": {
        "currentPage": "1",
        "totalPages": "1",
        "pageSize": "1",
        "positionIndex": "positionIndex1",
        "returnPage": "1",
        "returnPositionIndex": "returnPositionIndex1",
        "valuePair": {
          "name": "name1",
          "value": "value1"
        }
      },
      "billPayeeId": "billPayeeId1",
      "billId": "billId1",
      "expectedDebitDateTime": "1900-01-01T01:01:01Z",
      "paymentClearedDateTime": "1900-01-01T01:01:01Z",
      "isStopRequested": "true",
      "checkStoppedDate": "1900-01-01T01:01:01Z",
      "nsfCount": "1",
      "checkNumber": "checkNumber1"
    }
  }
}