{
  "billPayeeFilter": {
    "@xmlns:xsi": "http://www.w3.org/2001/XMLSchema-instance",
    "billPayeeGlobalIdList": {
      "currentPage": "1",
      "totalPages": "1",
      "pageSize": "1",
      "positionIndex": "positionIndex1",
      "returnPage": "1",
      "returnPositionIndex": "returnPositionIndex1",
      "billPayeeGlobalId": "billPayeeGlobalId1"
    },
    "billPayeeIdList": {
      "currentPage": "1",
      "totalPages": "1",
      "pageSize": "1",
      "positionIndex": "positionIndex1",
      "returnPage": "1",
      "returnPositionIndex": "returnPositionIndex1",
      "billPayeeId": "billPayeeId1"
    },
    "partyIdList": {
      "currentPage": "1",
      "totalPages": "1",
      "pageSize": "1",
      "positionIndex": "positionIndex1",
      "returnPage": "1",
      "returnPositionIndex": "returnPositionIndex1",
      "partyId": "partyId1"
    },
    "relationshipIdList": {
      "currentPage": "1",
      "totalPages": "1",
      "pageSize": "1",
      "positionIndex": "positionIndex1",
      "returnPage": "1",
      "returnPositionIndex": "returnPositionIndex1",
      "relationshipId": "relationshipId1"
    },
    "accountIdList": {
      "currentPage": "1",
      "totalPages": "1",
      "pageSize": "1",
      "positionIndex": "positionIndex1",
      "returnPage": "1",
      "returnPositionIndex": "returnPositionIndex1",
      "accountId": "accountId1"
    },
    "accountStatusList": {
      "currentPage": "1",
      "totalPages": "1",
      "pageSize": "1",
      "positionIndex": "positionIndex1",
      "returnPage": "1",
      "returnPositionIndex": "returnPositionIndex1",
      "accountStatusPair": {
        "accountStatus": {
          "depositAccountStatus": "Active"
        },
        "accountSubStatus": "accountSubStatus1"
      }
    },
    "payeeName": "payeeName1",
    "isElectronic": "true",
    "userDefinedName": "userDefinedName1",
    "payeeCategory": "payeeCategory1",
    "payeeStatusList": {
      "currentPage": "1",
      "totalPages": "1",
      "pageSize": "1",
      "positionIndex": "positionIndex1",
      "returnPage": "1",
      "returnPositionIndex": "returnPositionIndex1",
      "payeeStatus": "Active"
    },
    "earlyPaymentDateRange": {
      "startDateTime": "1900-01-01T01:01:01Z",
      "endDateTime": "1900-01-01T01:01:01Z"
    },
    "nextPaymenDateRange": {
      "startDateTime": "1900-01-01T01:01:01Z",
      "endDateTime": "1900-01-01T01:01:01Z"
    },
    "payeeAddedDateRange": {
      "startDateTime": "1900-01-01T01:01:01Z",
      "endDateTime": "1900-01-01T01:01:01Z"
    },
    "payeeUpdatedDateRange": {
      "startDateTime": "1900-01-01T01:01:01Z",
      "endDateTime": "1900-01-01T01:01:01Z"
    }
  }
}