{
  "billPaymentRecurringMessage": {
    "@xmlns:xsi": "http://www.w3.org/2001/XMLSchema-instance",
    "messageContext": {
      "cufxVersion": "1.0.3",
      "requestId": "requestId1",
      "vendorId": "vendorId1",
      "appId": "appId1",
      "fiId": "fiId1",
      "dataSourceId": "dataSourceId1",
      "environment": "Development",
      "returnDataFilter": "All",
      "includeBlankFields": "true",
      "includeZeroNumerics": "true",
      "userList": {
        "currentPage": "1",
        "totalPages": "1",
        "pageSize": "1",
        "positionIndex": "positionIndex1",
        "returnPage": "1",
        "returnPositionIndex": "returnPositionIndex1",
        "user": {
          "userId": "userId1",
          "processorSessionId": "processorSessionId1",
          "userType": "EmployeeId"
        }
      },
      "statusList": {
        "currentPage": "1",
        "totalPages": "1",
        "pageSize": "1",
        "positionIndex": "positionIndex1",
        "returnPage": "1",
        "returnPositionIndex": "returnPositionIndex1",
        "status": {
          "@xsi:nil": "true"
        }
      },
      "customData": {
        "currentPage": "1",
        "totalPages": "1",
        "pageSize": "1",
        "positionIndex": "positionIndex1",
        "returnPage": "1",
        "returnPositionIndex": "returnPositionIndex1",
        "valuePair": {
          "name": "name1",
          "value": "value1"
        }
      }
    },
    "billPaymentFilter": {
      "occurrenceIdList": {
        "currentPage": "1",
        "totalPages": "1",
        "pageSize": "1",
        "positionIndex": "positionIndex1",
        "returnPage": "1",
        "returnPositionIndex": "returnPositionIndex1",
        "occurrenceId": "occurrenceId1"
      },
      "recurringIdList": {
        "currentPage": "1",
        "totalPages": "1",
        "pageSize": "1",
        "positionIndex": "positionIndex1",
        "returnPage": "1",
        "returnPositionIndex": "returnPositionIndex1",
        "recurringId": "recurringId1"
      },
      "transferCompletedDateRange": {
        "startDateTime": "1900-01-01T01:01:01Z",
        "endDateTime": "1900-01-01T01:01:01Z"
      },
      "accountIDList": {
        "currentPage": "1",
        "totalPages": "1",
        "pageSize": "1",
        "positionIndex": "positionIndex1",
        "returnPage": "1",
        "returnPositionIndex": "returnPositionIndex1",
        "accountId": "accountId1"
      },
      "accountStatusList": {
        "currentPage": "1",
        "totalPages": "1",
        "pageSize": "1",
        "positionIndex": "positionIndex1",
        "returnPage": "1",
        "returnPositionIndex": "returnPositionIndex1",
        "accountStatusPair": {
          "accountStatus": {
            "depositAccountStatus": "Active"
          },
          "accountSubStatus": "accountSubStatus1"
        }
      },
      "partyIdList": {
        "currentPage": "1",
        "totalPages": "1",
        "pageSize": "1",
        "positionIndex": "positionIndex1",
        "returnPage": "1",
        "returnPositionIndex": "returnPositionIndex1",
        "partyId": "partyId1"
      },
      "relationshipIdList": {
        "currentPage": "1",
        "totalPages": "1",
        "pageSize": "1",
        "positionIndex": "positionIndex1",
        "returnPage": "1",
        "returnPositionIndex": "returnPositionIndex1",
        "relationshipId": "relationshipId1"
      },
      "occurrenceStatusList": {
        "currentPage": "1",
        "totalPages": "1",
        "pageSize": "1",
        "positionIndex": "positionIndex1",
        "returnPage": "1",
        "returnPositionIndex": "returnPositionIndex1",
        "occurrenceStatus": "Scheduled"
      },
      "recurringStatusList": [
        {
          "currentPage": "1",
          "totalPages": "1",
          "pageSize": "1",
          "positionIndex": "positionIndex1",
          "returnPage": "1",
          "returnPositionIndex": "returnPositionIndex1",
          "recurringStatus": "Requested"
        },
        {
          "currentPage": "1",
          "totalPages": "1",
          "pageSize": "1",
          "positionIndex": "positionIndex1",
          "returnPage": "1",
          "returnPositionIndex": "returnPositionIndex1",
          "recurringStatus": "Requested"
        }
      ],
      "minAmount": {
        "value": "1",
        "currencyCode": "USD",
        "exchangeRate": "1"
      },
      "maxAmount": {
        "value": "1",
        "currencyCode": "USD",
        "exchangeRate": "1"
      },
      "batchIdList": {
        "currentPage": "1",
        "totalPages": "1",
        "pageSize": "1",
        "positionIndex": "positionIndex1",
        "returnPage": "1",
        "returnPositionIndex": "returnPositionIndex1",
        "batchId": "batchId1"
      },
      "billPayeeIdList": {
        "currentPage": "1",
        "totalPages": "1",
        "pageSize": "1",
        "positionIndex": "positionIndex1",
        "returnPage": "1",
        "returnPositionIndex": "returnPositionIndex1",
        "billPayeeId": "billPayeeId1"
      },
      "billIdList": {
        "currentPage": "1",
        "totalPages": "1",
        "pageSize": "1",
        "positionIndex": "positionIndex1",
        "returnPage": "1",
        "returnPositionIndex": "returnPositionIndex1",
        "billId": "billId1"
      },
      "recurringFromAccountList": {
        "currentPage": "1",
        "totalPages": "1",
        "pageSize": "1",
        "positionIndex": "positionIndex1",
        "returnPage": "1",
        "returnPositionIndex": "returnPositionIndex1",
        "recurringFromAccount": {
          "accountId": "accountId1",
          "type": "Checking",
          "openDate": "1900-01-01",
          "closeDate": "1900-01-01",
          "accountStatus": {
            "depositAccountStatus": "Active"
          },
          "accountSubStatus": "accountSubStatus1",
          "micrAccountNumber": "micrAccountNumber1",
          "routingNumber": "routingNumber1",
          "displayAccountId": "displayAccountId1"
        }
      },
      "recurringToAccountList": {
        "currentPage": "1",
        "totalPages": "1",
        "pageSize": "1",
        "positionIndex": "positionIndex1",
        "returnPage": "1",
        "returnPositionIndex": "returnPositionIndex1",
        "recurringToAccount": {
          "accountId": "accountId1",
          "type": "Checking",
          "openDate": "1900-01-01",
          "closeDate": "1900-01-01",
          "accountSubStatus": "accountSubStatus1",
          "micrAccountNumber": "micrAccountNumber1",
          "routingNumber": "routingNumber1",
          "displayAccountId": "displayAccountId1"
        }
      },
      "createRequestDateRange": {
        "startDateTime": "1900-01-01T01:01:01Z",
        "endDateTime": "1900-01-01T01:01:01Z"
      },
      "firstScheduledDateRange": {
        "startDateTime": "1900-01-01T01:01:01Z",
        "endDateTime": "1900-01-01T01:01:01Z"
      },
      "lastModifiedDateRange": {
        "startDateTime": "1900-01-01T01:01:01Z",
        "endDateTime": "1900-01-01T01:01:01Z"
      },
      "nextScheduledDateRange": {
        "startDateTime": "1900-01-01T01:01:01Z",
        "endDateTime": "1900-01-01T01:01:01Z"
      },
      "scheduleEndDateRange": {
        "startDateTime": "1900-01-01T01:01:01Z",
        "endDateTime": "1900-01-01T01:01:01Z"
      },
      "completedEndDateRange": {
        "startDateTime": "1900-01-01T01:01:01Z",
        "endDateTime": "1900-01-01T01:01:01Z"
      }
    },
    "billPaymentRecurringList": {
      "currentPage": "1",
      "totalPages": "1",
      "pageSize": "1",
      "positionIndex": "positionIndex1",
      "returnPage": "1",
      "returnPositionIndex": "returnPositionIndex1",
      "billPaymentRecurring": {
        "recurringId": "recurringId1",
        "recurringAmount": {
          "value": "1",
          "currencyCode": "USD",
          "exchangeRate": "1"
        },
        "recurringFromAccount": {
          "accountId": "accountId1",
          "type": "Checking",
          "openDate": "1900-01-01",
          "closeDate": "1900-01-01",
          "accountSubStatus": "accountSubStatus1",
          "micrAccountNumber": "micrAccountNumber1",
          "routingNumber": "routingNumber1",
          "displayAccountId": "displayAccountId1"
        },
        "recurringToAccount": {
          "accountId": "accountId1",
          "type": "Checking",
          "openDate": "1900-01-01",
          "closeDate": "1900-01-01",
          "accountSubStatus": "accountSubStatus1",
          "micrAccountNumber": "micrAccountNumber1",
          "routingNumber": "routingNumber1",
          "displayAccountId": "displayAccountId1"
        },
        "recurringStatus": "Requested",
        "recurringMemo": "recurringMemo1",
        "isElectronic": "true",
        "isOpenEnded": "true",
        "isCompleted": "true",
        "isUserDeleted": "true",
        "createdByFiUserId": "createdByFiUserId1",
        "frequency": "AmortizedSchedule",
        "totalPaymentCount": "1",
        "paymentsLeft": "1",
        "fundsWithdrawalType": "WhenRequested",
        "createRequestDateTime": "1900-01-01T01:01:01Z",
        "firstScheduledDateTime": "1900-01-01T01:01:01Z",
        "lastModifiedDate": "1900-01-01T01:01:01Z",
        "nextScheduledDateTime": "1900-01-01T01:01:01Z",
        "scheduledEndDateTime": "1900-01-01T01:01:01Z",
        "completedDateTime": "1900-01-01T01:01:01Z",
        "recurringConfirmationCode": "recurringConfirmationCode1",
        "recurringOccurrenceIdList": {
          "currentPage": "1",
          "totalPages": "1",
          "pageSize": "1",
          "positionIndex": "positionIndex1",
          "returnPage": "1",
          "returnPositionIndex": "returnPositionIndex1",
          "occurrenceId": "occurrenceId1"
        },
        "initialAmount": {
          "value": "1",
          "currencyCode": "USD",
          "exchangeRate": "1"
        },
        "finalAmount": {
          "value": "1",
          "currencyCode": "USD",
          "exchangeRate": "1"
        },
        "customData": {
          "currentPage": "1",
          "totalPages": "1",
          "pageSize": "1",
          "positionIndex": "positionIndex1",
          "returnPage": "1",
          "returnPositionIndex": "returnPositionIndex1",
          "valuePair": null
        },
        "billPayeeId": "billPayeeId1",
        "nextDebitDateTime": "1900-01-01T01:01:01Z",
        "billId": "billId1"
      }
    }
  }
}