{
  "billPayeeList": {
    "@xmlns:xsi": "http://www.w3.org/2001/XMLSchema-instance",
    "currentPage": "1",
    "totalPages": "1",
    "pageSize": "1",
    "positionIndex": "positionIndex1",
    "returnPage": "1",
    "returnPositionIndex": "returnPositionIndex1",
    "billPayee": {
      "billPayeeId": "billPayeeId1",
      "billPayeeGlobalId": "billPayeeGlobalId1",
      "payeeName": "payeeName1",
      "payeeAddress": {
        "line1": "line11",
        "line2": "line21",
        "line3": "line31",
        "line4": "line41",
        "line5": "line51",
        "line6": "line61",
        "line7": "line71",
        "line8": "line81",
        "line9": "line91",
        "line10": "line101",
        "city": "city1",
        "stateProvince": "stateProvince1",
        "postalCode": "postalCode1",
        "countryCode": "AD",
        "country": "country1",
        "coordinate": {
          "latitude": "1",
          "longitude": "1"
        },
        "addressType": "Home",
        "effectiveDateTime": "1900-01-01T01:01:01Z",
        "expirationDateTime": "1900-01-01T01:01:01Z",
        "timeAtAddress": "P396DT1H1M1S",
        "addressVerifyDateTime": "1900-01-01T01:01:01Z"
      },
      "payeePhone": {
        "phoneType": "Home",
        "number": "number1",
        "extension": "extension1",
        "planFormat": "Nanp",
        "description": "description1",
        "smsRegistered": "true"
      },
      "payeeEmail": {
        "emailType": "Home",
        "address": "address1"
      },
      "processorName": "processorName1",
      "payeeACHRoutingNumber": "payeeACHRoutingNumber1",
      "payeeACHAccountNumber": "payeeACHAccountNumber1",
      "isElectronic": "true",
      "isEBillProvider": "true",
      "isEBillEnrolled": "true",
      "addedDateTime": "1900-01-01T01:01:01Z",
      "updatedDateTime": "1900-01-01T01:01:01Z",
      "minimumDaysToPay": "1",
      "partyId": "partyId1",
      "relationshipId": "relationshipId1",
      "accountId": "accountId1",
      "userDefinedName": "userDefinedName1",
      "payeeAccountNumber": "payeeAccountNumber1",
      "accountHolderName": "accountHolderName1",
      "payeeCategory": "payeeCategory1",
      "payeeStatus": "Active",
      "defaultPaymentFromAccountId": "defaultPaymentFromAccountId1",
      "earlyPaymentDateTime": "1900-01-01T01:01:01Z",
      "nextPaymentDateTime": "1900-01-01T01:01:01Z",
      "isRecurringPaymentEnabled": "true",
      "customData": {
        "currentPage": "1",
        "totalPages": "1",
        "pageSize": "1",
        "positionIndex": "positionIndex1",
        "returnPage": "1",
        "returnPositionIndex": "returnPositionIndex1",
        "valuePair": {
          "name": "name1",
          "value": "value1"
        }
      }
    }
  }
}