{
  "billPaymentOccurrenceMessage": {
    "@xmlns:xsi": "http://www.w3.org/2001/XMLSchema-instance",
    "messageContext": {
      "cufxVersion": "1.0.3",
      "requestId": "requestId1",
      "vendorId": "vendorId1",
      "appId": "appId1",
      "fiId": "fiId1",
      "dataSourceId": "dataSourceId1",
      "environment": "Development",
      "returnDataFilter": "All",
      "includeBlankFields": "true",
      "includeZeroNumerics": "true",
      "userList": {
        "currentPage": "1",
        "totalPages": "1",
        "pageSize": "1",
        "positionIndex": "positionIndex1",
        "returnPage": "1",
        "returnPositionIndex": "returnPositionIndex1",
        "user": {
          "userId": "userId1",
          "processorSessionId": "processorSessionId1",
          "userType": "EmployeeId"
        }
      },
      "statusList": {
        "currentPage": "1",
        "totalPages": "1",
        "pageSize": "1",
        "positionIndex": "positionIndex1",
        "returnPage": "1",
        "returnPositionIndex": "returnPositionIndex1",
        "status": {
          "@xsi:nil": "true"
        }
      },
      "customData": {
        "currentPage": "1",
        "totalPages": "1",
        "pageSize": "1",
        "positionIndex": "positionIndex1",
        "returnPage": "1",
        "returnPositionIndex": "returnPositionIndex1",
        "valuePair": {
          "name": "name1",
          "value": "value1"
        }
      }
    },
    "billPaymentFilter": {
      "occurrenceIdList": {
        "currentPage": "1",
        "totalPages": "1",
        "pageSize": "1",
        "positionIndex": "positionIndex1",
        "returnPage": "1",
        "returnPositionIndex": "returnPositionIndex1",
        "occurrenceId": "occurrenceId1"
      },
      "recurringIdList": {
        "currentPage": "1",
        "totalPages": "1",
        "pageSize": "1",
        "positionIndex": "positionIndex1",
        "returnPage": "1",
        "returnPositionIndex": "returnPositionIndex1",
        "recurringId": "recurringId1"
      },
      "transferCompletedDateRange": {
        "startDateTime": "1900-01-01T01:01:01Z",
        "endDateTime": "1900-01-01T01:01:01Z"
      },
      "accountIDList": {
        "currentPage": "1",
        "totalPages": "1",
        "pageSize": "1",
        "positionIndex": "positionIndex1",
        "returnPage": "1",
        "returnPositionIndex": "returnPositionIndex1",
        "accountId": "accountId1"
      },
      "accountStatusList": {
        "currentPage": "1",
        "totalPages": "1",
        "pageSize": "1",
        "positionIndex": "positionIndex1",
        "returnPage": "1",
        "returnPositionIndex": "returnPositionIndex1",
        "accountStatusPair": {
          "accountStatus": {
            "depositAccountStatus": "Active"
          },
          "accountSubStatus": "accountSubStatus1"
        }
      },
      "partyIdList": {
        "currentPage": "1",
        "totalPages": "1",
        "pageSize": "1",
        "positionIndex": "positionIndex1",
        "returnPage": "1",
        "returnPositionIndex": "returnPositionIndex1",
        "partyId": "partyId1"
      },
      "relationshipIdList": {
        "currentPage": "1",
        "totalPages": "1",
        "pageSize": "1",
        "positionIndex": "positionIndex1",
        "returnPage": "1",
        "returnPositionIndex": "returnPositionIndex1",
        "relationshipId": "relationshipId1"
      },
      "occurrenceStatusList": {
        "currentPage": "1",
        "totalPages": "1",
        "pageSize": "1",
        "positionIndex": "positionIndex1",
        "returnPage": "1",
        "returnPositionIndex": "returnPositionIndex1",
        "occurrenceStatus": "Scheduled"
      },
      "recurringStatusList": [
        {
          "currentPage": "1",
          "totalPages": "1",
          "pageSize": "1",
          "positionIndex": "positionIndex1",
          "returnPage": "1",
          "returnPositionIndex": "returnPositionIndex1",
          "recurringStatus": "Requested"
        },
        {
          "currentPage": "1",
          "totalPages": "1",
          "pageSize": "1",
          "positionIndex": "positionIndex1",
          "returnPage": "1",
          "returnPositionIndex": "returnPositionIndex1",
          "recurringStatus": "Requested"
        }
      ],
      "minAmount": {
        "value": "1",
        "currencyCode": "USD",
        "exchangeRate": "1"
      },
      "maxAmount": {
        "value": "1",
        "currencyCode": "USD",
        "exchangeRate": "1"
      },
      "batchIdList": {
        "currentPage": "1",
        "totalPages": "1",
        "pageSize": "1",
        "positionIndex": "positionIndex1",
        "returnPage": "1",
        "returnPositionIndex": "returnPositionIndex1",
        "batchId": "batchId1"
      },
      "billPayeeIdList": {
        "currentPage": "1",
        "totalPages": "1",
        "pageSize": "1",
        "positionIndex": "positionIndex1",
        "returnPage": "1",
        "returnPositionIndex": "returnPositionIndex1",
        "billPayeeId": "billPayeeId1"
      },
      "billIdList": {
        "currentPage": "1",
        "totalPages": "1",
        "pageSize": "1",
        "positionIndex": "positionIndex1",
        "returnPage": "1",
        "returnPositionIndex": "returnPositionIndex1",
        "billId": "billId1"
      },
      "recurringFromAccountList": {
        "currentPage": "1",
        "totalPages": "1",
        "pageSize": "1",
        "positionIndex": "positionIndex1",
        "returnPage": "1",
        "returnPositionIndex": "returnPositionIndex1",
        "recurringFromAccount": {
          "accountId": "accountId1",
          "type": "Checking",
          "openDate": "1900-01-01",
          "closeDate": "1900-01-01",
          "accountStatus": {
            "depositAccountStatus": "Active"
          },
          "accountSubStatus": "accountSubStatus1",
          "micrAccountNumber": "micrAccountNumber1",
          "routingNumber": "routingNumber1",
          "displayAccountId": "displayAccountId1"
        }
      },
      "recurringToAccountList": {
        "currentPage": "1",
        "totalPages": "1",
        "pageSize": "1",
        "positionIndex": "positionIndex1",
        "returnPage": "1",
        "returnPositionIndex": "returnPositionIndex1",
        "recurringToAccount": {
          "accountId": "accountId1",
          "type": "Checking",
          "openDate": "1900-01-01",
          "closeDate": "1900-01-01",
          "accountSubStatus": "accountSubStatus1",
          "micrAccountNumber": "micrAccountNumber1",
          "routingNumber": "routingNumber1",
          "displayAccountId": "displayAccountId1"
        }
      },
      "createRequestDateRange": {
        "startDateTime": "1900-01-01T01:01:01Z",
        "endDateTime": "1900-01-01T01:01:01Z"
      },
      "firstScheduledDateRange": {
        "startDateTime": "1900-01-01T01:01:01Z",
        "endDateTime": "1900-01-01T01:01:01Z"
      },
      "lastModifiedDateRange": {
        "startDateTime": "1900-01-01T01:01:01Z",
        "endDateTime": "1900-01-01T01:01:01Z"
      },
      "nextScheduledDateRange": {
        "startDateTime": "1900-01-01T01:01:01Z",
        "endDateTime": "1900-01-01T01:01:01Z"
      },
      "scheduleEndDateRange": {
        "startDateTime": "1900-01-01T01:01:01Z",
        "endDateTime": "1900-01-01T01:01:01Z"
      },
      "completedEndDateRange": {
        "startDateTime": "1900-01-01T01:01:01Z",
        "endDateTime": "1900-01-01T01:01:01Z"
      }
    },
    "billPaymentList": {
      "currentPage": "1",
      "totalPages": "1",
      "pageSize": "1",
      "positionIndex": "positionIndex1",
      "returnPage": "1",
      "returnPositionIndex": "returnPositionIndex1",
      "billPaymentOccurrence": {
        "occurrenceId": "occurrenceId1",
        "recurringId": "recurringId1",
        "occurrenceAmount": {
          "value": "1",
          "currencyCode": "USD",
          "exchangeRate": "1"
        },
        "occurrenceFromAccount": {
          "accountId": "accountId1",
          "type": "Checking",
          "openDate": "1900-01-01",
          "closeDate": "1900-01-01",
          "accountSubStatus": "accountSubStatus1",
          "micrAccountNumber": "micrAccountNumber1",
          "routingNumber": "routingNumber1",
          "displayAccountId": "displayAccountId1"
        },
        "occurrenceToAccount": {
          "accountId": "accountId1",
          "type": "Checking",
          "openDate": "1900-01-01",
          "closeDate": "1900-01-01",
          "accountSubStatus": "accountSubStatus1",
          "micrAccountNumber": "micrAccountNumber1",
          "routingNumber": "routingNumber1",
          "displayAccountId": "displayAccountId1"
        },
        "occurrenceStatus": "Scheduled",
        "fundsWithdrawalType": "WhenRequested",
        "occurrenceMemo": "occurrenceMemo1",
        "estimatedProcessDateTime": "1900-01-01T01:01:01Z",
        "createdDateTime": "1900-01-01T01:01:01Z",
        "processingStartedDateTime": "1900-01-01T01:01:01Z",
        "processedDateTime": "1900-01-01T01:01:01Z",
        "completedDateTime": "1900-01-01T01:01:01Z",
        "lastUpdatedDateTime": "1900-01-01T01:01:01Z",
        "occurrenceConfirmationCode": "occurrenceConfirmationCode1",
        "queuedForPosting": "true",
        "note": "note1",
        "batchId": "batchId1",
        "occurrenceType": "AccountToAccount",
        "customData": {
          "currentPage": "1",
          "totalPages": "1",
          "pageSize": "1",
          "positionIndex": "positionIndex1",
          "returnPage": "1",
          "returnPositionIndex": "returnPositionIndex1",
          "valuePair": null
        },
        "billPayeeId": "billPayeeId1",
        "billId": "billId1",
        "expectedDebitDateTime": "1900-01-01T01:01:01Z",
        "paymentClearedDateTime": "1900-01-01T01:01:01Z",
        "isStopRequested": "true",
        "checkStoppedDate": "1900-01-01T01:01:01Z",
        "nsfCount": "1",
        "checkNumber": "checkNumber1"
      }
    }
  }
}