{
  "cardList": {
    "@xmlns:xsi": "http://www.w3.org/2001/XMLSchema-instance",
    "currentPage": "1",
    "totalPages": "1",
    "pageSize": "1",
    "positionIndex": "positionIndex1",
    "returnPage": "1",
    "returnPositionIndex": "returnPositionIndex1",
    "card": {
      "cardId": "cardId1",
      "cardNumber": "cardNumber1",
      "cardType": "Atm",
      "cardSubType": "cardSubType1",
      "expirationDate": "1900-01-01",
      "pin": "pin1",
      "cvv2": "cvv21",
      "linkedAccountList": {
        "currentPage": "1",
        "totalPages": "1",
        "pageSize": "1",
        "positionIndex": "positionIndex1",
        "returnPage": "1",
        "returnPositionIndex": "returnPositionIndex1",
        "linkedAccount": {
          "accountId": "accountId1",
          "priority": "1"
        }
      },
      "partyId": "partyId1",
      "overrideAddressContactId": "overrideAddressContactId1",
      "cardAddress": {
        "line1": "line11",
        "line2": "line21",
        "line3": "line31",
        "line4": "line41",
        "line5": "line51",
        "line6": "line61",
        "line7": "line71",
        "line8": "line81",
        "line9": "line91",
        "line10": "line101",
        "city": "city1",
        "stateProvince": "stateProvince1",
        "postalCode": "postalCode1",
        "countryCode": "AD",
        "country": "country1",
        "coordinate": {
          "latitude": "1",
          "longitude": "1"
        }
      },
      "nameOnCard": "nameOnCard1",
      "activationDateTime": "1900-01-01T01:01:01Z",
      "cardStatus": "Inactive",
      "blockedReason": "blockedReason1",
      "blockedDateTime": "1900-01-01T01:01:01Z",
      "virtualNumber": "virtualNumber1",
      "merchantCountryCodes": {
        "currentPage": "1",
        "totalPages": "1",
        "pageSize": "1",
        "positionIndex": "positionIndex1",
        "returnPage": "1",
        "returnPositionIndex": "returnPositionIndex1",
        "countryCode": "countryCode1"
      },
      "cardDesignImageArtifactId": {
        "artifactUniqueId": "artifactUniqueId1"
      }
    }
  }
}