{
  "collateralMessage": {
    "@xmlns:xsi": "http://www.w3.org/2001/XMLSchema-instance",
    "messageContext": {
      "cufxVersion": "1.0.3",
      "requestId": "requestId1",
      "vendorId": "vendorId1",
      "appId": "appId1",
      "fiId": "fiId1",
      "dataSourceId": "dataSourceId1",
      "environment": "Development",
      "returnDataFilter": "All",
      "includeBlankFields": "true",
      "includeZeroNumerics": "true",
      "userList": {
        "currentPage": "1",
        "totalPages": "1",
        "pageSize": "1",
        "positionIndex": "positionIndex1",
        "returnPage": "1",
        "returnPositionIndex": "returnPositionIndex1",
        "user": {
          "userId": "userId1",
          "processorSessionId": "processorSessionId1",
          "userType": "EmployeeId"
        }
      },
      "statusList": {
        "currentPage": "1",
        "totalPages": "1",
        "pageSize": "1",
        "positionIndex": "positionIndex1",
        "returnPage": "1",
        "returnPositionIndex": "returnPositionIndex1",
        "status": {
          "@xsi:nil": "true"
        }
      },
      "customData": {
        "currentPage": "1",
        "totalPages": "1",
        "pageSize": "1",
        "positionIndex": "positionIndex1",
        "returnPage": "1",
        "returnPositionIndex": "returnPositionIndex1",
        "valuePair": {
          "name": "name1",
          "value": "value1"
        }
      }
    },
    "collateralFilter": {
      "collateralIdList": {
        "currentPage": "1",
        "totalPages": "1",
        "pageSize": "1",
        "positionIndex": "positionIndex1",
        "returnPage": "1",
        "returnPositionIndex": "returnPositionIndex1",
        "collateralId": "collateralId1"
      },
      "description": "description1"
    },
    "collateralList": {
      "currentPage": "1",
      "totalPages": "1",
      "pageSize": "1",
      "positionIndex": "positionIndex1",
      "returnPage": "1",
      "returnPositionIndex": "returnPositionIndex1",
      "collateral": {
        "motorVehicleCollateral": {
          "collateralId": "collateralId1",
          "collateralCode": "collateralCode1",
          "collateralPledgedDate": "1900-01-01",
          "description": "description1",
          "securedCode": "securedCode1",
          "totalSecuredAmount": {
            "value": "1",
            "currencyCode": "USD",
            "exchangeRate": "1"
          },
          "valuationOfCollateral": {
            "value": "1",
            "currencyCode": "USD",
            "exchangeRate": "1"
          },
          "ownerOfCollateral": "ownerOfCollateral1",
          "loanToValuePercentage": "1",
          "collateralValueSourceDate": "1900-01-01",
          "collateralValueSource": "collateralValueSource1",
          "year": "1",
          "manufacturer": "manufacturer1",
          "make": "make1",
          "model": "model1",
          "color": "color1",
          "purchasePrice": {
            "value": "1",
            "currencyCode": "USD",
            "exchangeRate": "1"
          },
          "isVehicleUsed": "true",
          "uccCode": "uccCode1",
          "vehicleIdentificationNumber": "vehicleIdentificationNumber1",
          "mileage": "1",
          "licensePlateNumber": "licensePlateNumber1",
          "licensePlateState": "licensePlateState1",
          "licensePlateExpiration": "1900-01-01",
          "titleNumber": "titleNumber1",
          "titleState": "titleState1"
        }
      }
    }
  }
}