{
  "contactList": {
    "@xmlns:xsi": "http://www.w3.org/2001/XMLSchema-instance",
    "currentPage": "1",
    "totalPages": "1",
    "pageSize": "1",
    "positionIndex": "positionIndex1",
    "returnPage": "1",
    "returnPositionIndex": "returnPositionIndex1",
    "contact": {
      "contactId": "contactId1",
      "contactType": "Address",
      "contactPersonName": {
        "firstName": "firstName1",
        "middleName": "middleName1",
        "lastName": "lastName1",
        "prefix": "prefix1",
        "suffix": "suffix1",
        "formattedName": "formattedName1",
        "nickname": "nickname1"
      },
      "contactPoint": {
        "address": {
          "line1": "line11",
          "line2": "line21",
          "line3": "line31",
          "line4": "line41",
          "line5": "line51",
          "line6": "line61",
          "line7": "line71",
          "line8": "line81",
          "line9": "line91",
          "line10": "line101",
          "city": "city1",
          "stateProvince": "stateProvince1",
          "postalCode": "postalCode1",
          "countryCode": "AD",
          "country": "country1",
          "coordinate": {
            "latitude": "1",
            "longitude": "1"
          },
          "addressType": "Home",
          "effectiveDateTime": "1900-01-01T01:01:01Z",
          "expirationDateTime": "1900-01-01T01:01:01Z",
          "timeAtAddress": "P396DT1H1M1S",
          "addressVerifyDateTime": "1900-01-01T01:01:01Z"
        }
      },
      "timeOfDay": "Afternoon",
      "demonstratedAccess": {
        "dateTime": "1900-01-01T01:01:01Z",
        "fullName": "fullName1",
        "userName": "userName1"
      },
      "badContactPoint": "true",
      "customData": {
        "currentPage": "1",
        "totalPages": "1",
        "pageSize": "1",
        "positionIndex": "positionIndex1",
        "returnPage": "1",
        "returnPositionIndex": "returnPositionIndex1",
        "valuePair": {
          "name": "name1",
          "value": "value1"
        }
      }
    }
  }
}