{
  "creditReportFilter": {
    "@xmlns:xsi": "http://www.w3.org/2001/XMLSchema-instance",
    "creditReportIdList": {
      "currentPage": "1",
      "totalPages": "1",
      "pageSize": "1",
      "positionIndex": "positionIndex1",
      "returnPage": "1",
      "returnPositionIndex": "returnPositionIndex1",
      "creditReportId": "creditReportId1"
    },
    "creditReportDateRange": {
      "startDateTime": "1900-01-01T01:01:01Z",
      "endDateTime": "1900-01-01T01:01:01Z"
    },
    "minCreditScore": "1",
    "maxCreditScore": "1",
    "reportType": "reportType1",
    "partyId": "partyId1",
    "taxId": "taxId1"
  }
}