{
  "creditReportList": {
    "@xmlns:xsi": "http://www.w3.org/2001/XMLSchema-instance",
    "currentPage": "1",
    "totalPages": "1",
    "pageSize": "1",
    "positionIndex": "positionIndex1",
    "returnPage": "1",
    "returnPositionIndex": "returnPositionIndex1",
    "creditReport": {
      "creditReportId": "creditReportId1",
      "creditReportDate": "1900-01-01",
      "creditSource": "creditSource1",
      "reportType": "reportType1",
      "scoreType": "scoreType1",
      "partyId": "partyId1",
      "taxId": "taxId1",
      "creditScore": "1",
      "creditTier": "creditTier1",
      "reportData": "reportData1",
      "customData": {
        "currentPage": "1",
        "totalPages": "1",
        "pageSize": "1",
        "positionIndex": "positionIndex1",
        "returnPage": "1",
        "returnPositionIndex": "returnPositionIndex1",
        "valuePair": {
          "name": "name1",
          "value": "value1"
        }
      }
    }
  }
}