{
  "depositFundingMessage": {
    "@xmlns:xsi": "http://www.w3.org/2001/XMLSchema-instance",
    "messageContext": {
      "cufxVersion": "1.0.3",
      "requestId": "requestId1",
      "vendorId": "vendorId1",
      "appId": "appId1",
      "fiId": "fiId1",
      "dataSourceId": "dataSourceId1",
      "environment": "Development",
      "returnDataFilter": "All",
      "includeBlankFields": "true",
      "includeZeroNumerics": "true",
      "userList": {
        "currentPage": "1",
        "totalPages": "1",
        "pageSize": "1",
        "positionIndex": "positionIndex1",
        "returnPage": "1",
        "returnPositionIndex": "returnPositionIndex1",
        "user": {
          "userId": "userId1",
          "processorSessionId": "processorSessionId1",
          "userType": "EmployeeId"
        }
      },
      "statusList": {
        "currentPage": "1",
        "totalPages": "1",
        "pageSize": "1",
        "positionIndex": "positionIndex1",
        "returnPage": "1",
        "returnPositionIndex": "returnPositionIndex1",
        "status": {
          "@xsi:nil": "true"
        }
      },
      "customData": {
        "currentPage": "1",
        "totalPages": "1",
        "pageSize": "1",
        "positionIndex": "positionIndex1",
        "returnPage": "1",
        "returnPositionIndex": "returnPositionIndex1",
        "valuePair": {
          "name": "name1",
          "value": "value1"
        }
      }
    },
    "depositFilter": {
      "accountIdList": {
        "currentPage": "1",
        "totalPages": "1",
        "pageSize": "1",
        "positionIndex": "positionIndex1",
        "returnPage": "1",
        "returnPositionIndex": "returnPositionIndex1",
        "accountId": "accountId1"
      },
      "accountStatusList": {
        "currentPage": "1",
        "totalPages": "1",
        "pageSize": "1",
        "positionIndex": "positionIndex1",
        "returnPage": "1",
        "returnPositionIndex": "returnPositionIndex1",
        "accountStatusPair": {
          "accountStatus": {
            "depositAccountStatus": "Active"
          },
          "accountSubStatus": "accountSubStatus1"
        }
      },
      "partyIdList": {
        "currentPage": "1",
        "totalPages": "1",
        "pageSize": "1",
        "positionIndex": "positionIndex1",
        "returnPage": "1",
        "returnPositionIndex": "returnPositionIndex1",
        "partyId": "partyId1"
      },
      "relationshipIdList": {
        "currentPage": "1",
        "totalPages": "1",
        "pageSize": "1",
        "positionIndex": "positionIndex1",
        "returnPage": "1",
        "returnPositionIndex": "returnPositionIndex1",
        "relationshipId": "relationshipId1"
      },
      "accountTypeList": {
        "currentPage": "1",
        "totalPages": "1",
        "pageSize": "1",
        "positionIndex": "positionIndex1",
        "returnPage": "1",
        "returnPositionIndex": "returnPositionIndex1",
        "accountType": "Checking"
      },
      "externalAccountFlag": "true",
      "includeNotesFlag": "true",
      "transactionDateRange": {
        "startDateTime": "1900-01-01T01:01:01Z",
        "endDateTime": "1900-01-01T01:01:01Z"
      },
      "accountMicrList": {
        "currentPage": "1",
        "totalPages": "1",
        "pageSize": "1",
        "positionIndex": "positionIndex1",
        "returnPage": "1",
        "returnPositionIndex": "returnPositionIndex1",
        "micrAccountNumber": "micrAccountNumber1"
      },
      "maturityDateRange": {
        "startDateTime": "1900-01-01T01:01:01Z",
        "endDateTime": "1900-01-01T01:01:01Z"
      }
    },
    "depositFundingList": {
      "currentPage": "1",
      "totalPages": "1",
      "pageSize": "1",
      "positionIndex": "positionIndex1",
      "returnPage": "1",
      "returnPositionIndex": "returnPositionIndex1",
      "depositFunding": {
        "targetAccountId": "targetAccountId1",
        "fundingSourceId": "fundingSourceId1",
        "sourceOfFunds": "Cash",
        "fundingAmount": {
          "value": "1",
          "currencyCode": "USD",
          "exchangeRate": "1"
        },
        "holdAmount": {
          "value": "1",
          "currencyCode": "USD",
          "exchangeRate": "1"
        },
        "holdExpirationDate": "1900-01-01"
      }
    }
  }
}