{
  "depositFundingList": {
    "@xmlns:xsi": "http://www.w3.org/2001/XMLSchema-instance",
    "currentPage": "1",
    "totalPages": "1",
    "pageSize": "1",
    "positionIndex": "positionIndex1",
    "returnPage": "1",
    "returnPositionIndex": "returnPositionIndex1",
    "depositFunding": {
      "targetAccountId": "targetAccountId1",
      "fundingSourceId": "fundingSourceId1",
      "sourceOfFunds": "Cash",
      "fundingAmount": {
        "value": "1",
        "currencyCode": "USD",
        "exchangeRate": "1"
      },
      "holdAmount": {
        "value": "1",
        "currencyCode": "USD",
        "exchangeRate": "1"
      },
      "holdExpirationDate": "1900-01-01"
    }
  }
}