{
  "documentList": {
    "@xmlns:xsi": "http://www.w3.org/2001/XMLSchema-instance",
    "currentPage": "1",
    "totalPages": "1",
    "pageSize": "1",
    "positionIndex": "positionIndex1",
    "returnPage": "1",
    "returnPositionIndex": "returnPositionIndex1",
    "document": {
      "documentId": "documentId1",
      "documentTitle": "documentTitle1",
      "documentType": "CheckImage",
      "documentSubType": "documentSubType1",
      "appliesTo": {
        "currentPage": "1",
        "totalPages": "1",
        "pageSize": "1",
        "positionIndex": "positionIndex1",
        "returnPage": "1",
        "returnPositionIndex": "returnPositionIndex1",
        "valuePair": {
          "name": "name1",
          "value": "value1"
        }
      },
      "documentStatus": "Template",
      "documentVersion": "documentVersion1",
      "effectiveDateTime": "1900-01-01T01:01:01Z",
      "expirationDateTime": "1900-01-01T01:01:01Z",
      "documentArtifactIdList": {
        "currentPage": "1",
        "totalPages": "1",
        "pageSize": "1",
        "positionIndex": "positionIndex1",
        "returnPage": "1",
        "returnPositionIndex": "returnPositionIndex1",
        "artifactId": {
          "@xsi:nil": "true"
        }
      },
      "partyIdList": {
        "currentPage": "1",
        "totalPages": "1",
        "pageSize": "1",
        "positionIndex": "positionIndex1",
        "returnPage": "1",
        "returnPositionIndex": "returnPositionIndex1",
        "partyId": "partyId1"
      },
      "relationshipId": "relationshipId1",
      "accountIdList": {
        "currentPage": "1",
        "totalPages": "1",
        "pageSize": "1",
        "positionIndex": "positionIndex1",
        "returnPage": "1",
        "returnPositionIndex": "returnPositionIndex1",
        "accountId": "accountId1"
      },
      "prefillable": "true",
      "prefilled": "true",
      "documentSignatureList": {
        "currentPage": "1",
        "totalPages": "1",
        "pageSize": "1",
        "positionIndex": "positionIndex1",
        "returnPage": "1",
        "returnPositionIndex": "returnPositionIndex1",
        "documentSignature": {
          "documentSignatureType": "Unsigned",
          "signaturePurpose": "signaturePurpose1",
          "signatureArtifactId": {
            "artifactUniqueId": "artifactUniqueId1"
          },
          "documentSignedDateTime": "1900-01-01T01:01:01Z",
          "signaturePartyId": "signaturePartyId1",
          "signedWithIpAddress": "signedWithIpAddress1",
          "documentDigitalFingerprint": "documentDigitalFingerprint1",
          "documentDigitalAlgorithm": "documentDigitalAlgorithm1",
          "documentDigitalCertificate": "documentDigitalCertificate1",
          "usersPublicKey": "usersPublicKey1",
          "viewedConfirmationValue": "viewedConfirmationValue1",
          "viewedConfirmationStatus": "Presented"
        }
      },
      "witnessList": {
        "currentPage": "1",
        "totalPages": "1",
        "pageSize": "1",
        "positionIndex": "positionIndex1",
        "returnPage": "1",
        "returnPositionIndex": "returnPositionIndex1",
        "witness": {
          "witnessId": "witnessId1",
          "witnessIdType": "WitnessId"
        }
      },
      "customData": {
        "currentPage": "1",
        "totalPages": "1",
        "pageSize": "1",
        "positionIndex": "positionIndex1",
        "returnPage": "1",
        "returnPositionIndex": "returnPositionIndex1",
        "valuePair": null
      }
    }
  }
}