{
  "eligibilityRequirementFilter": {
    "@xmlns:xsi": "http://www.w3.org/2001/XMLSchema-instance",
    "eligibilityRequirementIdList": {
      "currentPage": "1",
      "totalPages": "1",
      "pageSize": "1",
      "positionIndex": "positionIndex1",
      "returnPage": "1",
      "returnPositionIndex": "returnPositionIndex1",
      "requirementId": "requirementId1"
    },
    "affinityBrandList": {
      "currentPage": "1",
      "totalPages": "1",
      "pageSize": "1",
      "positionIndex": "positionIndex1",
      "returnPage": "1",
      "returnPositionIndex": "returnPositionIndex1",
      "affinityBrand": {
        "@xsi:nil": "true"
      }
    }
  }
}