{
  "feeList": {
    "@xmlns:xsi": "http://www.w3.org/2001/XMLSchema-instance",
    "currentPage": "1",
    "totalPages": "1",
    "pageSize": "1",
    "positionIndex": "positionIndex1",
    "returnPage": "1",
    "returnPositionIndex": "returnPositionIndex1",
    "fee": {
      "feeId": "feeId1",
      "type": "type1",
      "relatedTo": {
        "partyId": "partyId1"
      },
      "frequency": "AmortizedSchedule",
      "minimumFrequency": "1",
      "maximumFrequency": "1",
      "priceList": {
        "description": "description1",
        "price": {
          "value": "1",
          "currencyCode": "USD",
          "exchangeRate": "1"
        }
      }
    }
  }
}