{
  "holdList": {
    "@xmlns:xsi": "http://www.w3.org/2001/XMLSchema-instance",
    "currentPage": "1",
    "totalPages": "1",
    "pageSize": "1",
    "positionIndex": "positionIndex1",
    "returnPage": "1",
    "returnPositionIndex": "returnPositionIndex1",
    "hold": {
      "holdId": "holdId1",
      "accountId": "accountId1",
      "transactionId": "transactionId1",
      "holdType": "GeneralPurpose",
      "effectiveDate": "1900-01-01T01:01:01Z",
      "expirationDate": "1900-01-01T01:01:01Z",
      "actualReleaseDate": "1900-01-01T01:01:01Z",
      "holdStatus": "Active",
      "description": "description1",
      "amount": {
        "value": "1",
        "currencyCode": "USD",
        "exchangeRate": "1"
      },
      "payee": "payee1",
      "reason": "Unknown",
      "feeId": "feeId1",
      "startCheckNumber": "startCheckNumber1",
      "endCheckNumber": "endCheckNumber1",
      "customData": {
        "currentPage": "1",
        "totalPages": "1",
        "pageSize": "1",
        "positionIndex": "positionIndex1",
        "returnPage": "1",
        "returnPositionIndex": "returnPositionIndex1",
        "valuePair": {
          "name": "name1",
          "value": "value1"
        }
      }
    }
  }
}