{
  "investmentHoldingList": {
    "@xmlns:xsi": "http://www.w3.org/2001/XMLSchema-instance",
    "currentPage": "1",
    "totalPages": "1",
    "pageSize": "1",
    "positionIndex": "positionIndex1",
    "returnPage": "1",
    "returnPositionIndex": "returnPositionIndex1",
    "investmentHolding": {
      "accountId": "accountId1",
      "holdingID": "holdingID1",
      "holdingCusipNumber": "holdingCusipNumber1",
      "holdingAsOfDateTime": "1900-01-01T01:01:01Z",
      "holdingType": "Asset",
      "holdingDescription": "holdingDescription1",
      "holdingQuantity": "1",
      "holdingPrice": {
        "value": "1",
        "currencyCode": "USD",
        "exchangeRate": "1"
      },
      "holdingPriceDateTime": "1900-01-01T01:01:01Z",
      "holdingStockSymbol": "holdingStockSymbol1",
      "holdingTotalValue": {
        "value": "1",
        "currencyCode": "USD",
        "exchangeRate": "1"
      },
      "holdingYield": "1",
      "holdingYieldAsOfDate": "1900-01-01T01:01:01Z",
      "holdingAssetClass": "holdingAssetClass1",
      "holdingBondClass": "holdingBondClass1",
      "holdingBondType": "holdingBondType1",
      "holdingMoodyRating": "holdingMoodyRating1",
      "holdingStandardAndPoorsRating": "holdingStandardAndPoorsRating1",
      "holdingParValue": {
        "value": "1",
        "currencyCode": "USD",
        "exchangeRate": "1"
      },
      "holdingCouponRate": "1",
      "holdingCouponFrequency": "AmortizedSchedule",
      "holdingCallPrice": {
        "value": "1",
        "currencyCode": "USD",
        "exchangeRate": "1"
      },
      "holdingYieldToCall": "1",
      "holdingCallType": "holdingCallType1",
      "holdingYieldToMaturity": "1",
      "holdingMaturityDate": "1900-01-01T01:01:01Z",
      "holdingNextCouponDate": "1900-01-01T01:01:01Z",
      "holdingNextCallDate": "1900-01-01T01:01:01Z"
    }
  }
}