{
  "investmentHoldingFilter": {
    "@xmlns:xsi": "http://www.w3.org/2001/XMLSchema-instance",
    "accountIdList": {
      "currentPage": "1",
      "totalPages": "1",
      "pageSize": "1",
      "positionIndex": "positionIndex1",
      "returnPage": "1",
      "returnPositionIndex": "returnPositionIndex1",
      "accountId": "accountId1"
    },
    "holdingIdList": {
      "currentPage": "1",
      "totalPages": "1",
      "pageSize": "1",
      "positionIndex": "positionIndex1",
      "returnPage": "1",
      "returnPositionIndex": "returnPositionIndex1",
      "holdingId": "holdingId1"
    },
    "investmentHoldingAsOfDateRange": {
      "startDateTime": "1900-01-01T01:01:01Z",
      "endDateTime": "1900-01-01T01:01:01Z"
    }
  }
}