{
  "InvestmentList": {
    "@xmlns:xsi": "http://www.w3.org/2001/XMLSchema-instance",
    "currentPage": "1",
    "totalPages": "1",
    "pageSize": "1",
    "positionIndex": "positionIndex1",
    "returnPage": "1",
    "returnPositionIndex": "returnPositionIndex1",
    "investment": {
      "accountId": "accountId1",
      "type": "Checking",
      "openDate": "1900-01-01",
      "closeDate": "1900-01-01",
      "accountStatus": {
        "depositAccountStatus": "Active"
      },
      "accountSubStatus": "accountSubStatus1",
      "micrAccountNumber": "micrAccountNumber1",
      "routingNumber": "routingNumber1",
      "displayAccountId": "displayAccountId1",
      "idType": "Reserved",
      "description": "description1",
      "subType": "subType1",
      "accountEscheatDate": "1900-01-01",
      "accountEscheatAmount": {
        "value": "1",
        "currencyCode": "USD",
        "exchangeRate": "1"
      },
      "chargeOffDate": "1900-01-01",
      "chargeOffAmount": {
        "value": "1",
        "currencyCode": "USD",
        "exchangeRate": "1"
      },
      "accountNickName": "accountNickName1",
      "branch": "branch1",
      "actualBalance": {
        "value": "1",
        "currencyCode": "USD",
        "exchangeRate": "1"
      },
      "availableBalance": {
        "value": "1",
        "currencyCode": "USD",
        "exchangeRate": "1"
      },
      "cashAdvanceAvailableBalance": {
        "value": "1",
        "currencyCode": "USD",
        "exchangeRate": "1"
      },
      "cashAdvanceBalance": {
        "value": "1",
        "currencyCode": "USD",
        "exchangeRate": "1"
      },
      "cashAdvanceLimit": {
        "value": "1",
        "currencyCode": "USD",
        "exchangeRate": "1"
      },
      "minimumBalance": {
        "value": "1",
        "currencyCode": "USD",
        "exchangeRate": "1"
      },
      "externalAccountBankAddress": {
        "line1": "line11",
        "line2": "line21",
        "line3": "line31",
        "line4": "line41",
        "line5": "line51",
        "line6": "line61",
        "line7": "line71",
        "line8": "line81",
        "line9": "line91",
        "line10": "line101",
        "city": "city1",
        "stateProvince": "stateProvince1",
        "postalCode": "postalCode1",
        "countryCode": "AD",
        "country": "country1",
        "coordinate": {
          "latitude": "1",
          "longitude": "1"
        }
      },
      "externalAccountSWIFTCode": "externalAccountSWIFTCode1",
      "externalAccountIBANCode": "externalAccountIBANCode1",
      "externalAccountBankCode": "externalAccountBankCode1",
      "externalAccountFlag": "true",
      "externalAccountVerified": "true",
      "externalTransferFrom": "true",
      "externalTransferTo": "true",
      "transferFrom": "true",
      "transferTo": "true",
      "rateType": "Fixed",
      "sourceCode": "sourceCode1",
      "partyIdList": {
        "currentPage": "1",
        "totalPages": "1",
        "pageSize": "1",
        "positionIndex": "positionIndex1",
        "returnPage": "1",
        "returnPositionIndex": "returnPositionIndex1",
        "partyId": "partyId1"
      },
      "relationshipId": "relationshipId1",
      "accountNoteList": {
        "currentPage": "1",
        "totalPages": "1",
        "pageSize": "1",
        "positionIndex": "positionIndex1",
        "returnPage": "1",
        "returnPositionIndex": "returnPositionIndex1",
        "note": {
          "noteId": "noteId1",
          "recordType": "Account",
          "noteCode": "noteCode1",
          "noteText": "noteText1",
          "noteCreatedDateTime": "1900-01-01T01:01:01Z",
          "noteExpirationDate": "1900-01-01",
          "noteCreator": "noteCreator1"
        }
      },
      "customData": {
        "currentPage": "1",
        "totalPages": "1",
        "pageSize": "1",
        "positionIndex": "positionIndex1",
        "returnPage": "1",
        "returnPositionIndex": "returnPositionIndex1",
        "valuePair": {
          "name": "name1",
          "value": "value1"
        }
      },
      "meta": {
        "@xsi:nil": "true"
      },
      "transactionList": {
        "currentPage": "1",
        "totalPages": "1",
        "pageSize": "1",
        "positionIndex": "positionIndex1",
        "returnPage": "1",
        "returnPositionIndex": "returnPositionIndex1",
        "transaction": {
          "transactionId": "transactionId1",
          "accountId": "accountId1",
          "type": "Debit",
          "amount": {
            "value": "1",
            "currencyCode": "USD",
            "exchangeRate": "1"
          },
          "description": "description1",
          "checkNumber": "checkNumber1",
          "dateTimePosted": "1900-01-01T01:01:01Z",
          "dateTimeEffective": "1900-01-01T01:01:01Z",
          "status": "Posted",
          "postedActualBalance": {
            "value": "1",
            "currencyCode": "USD",
            "exchangeRate": "1"
          },
          "postedAvailableBalance": {
            "value": "1",
            "currencyCode": "USD",
            "exchangeRate": "1"
          },
          "principalAmount": {
            "value": "1",
            "currencyCode": "USD",
            "exchangeRate": "1"
          },
          "interestAmount": {
            "value": "1",
            "currencyCode": "USD",
            "exchangeRate": "1"
          },
          "transactionFeeList": {
            "currentPage": "1",
            "totalPages": "1",
            "pageSize": "1",
            "positionIndex": "positionIndex1",
            "returnPage": "1",
            "returnPositionIndex": "returnPositionIndex1",
            "transactionFee": {
              "transactionFeeId": "transactionFeeId1",
              "transactionFeeDateTimePosted": "1900-01-01T01:01:01Z",
              "transactionfeeAmount": {
                "value": "1",
                "currencyCode": "USD",
                "exchangeRate": "1"
              },
              "transactionFeeCode": "transactionFeeCode1",
              "transactionFeeDescription": "transactionFeeDescription1"
            }
          },
          "merchantCategoryCode": "merchantCategoryCode1",
          "category": "category1",
          "source": "Ach",
          "escrowAmount": {
            "value": "1",
            "currencyCode": "USD",
            "exchangeRate": "1"
          },
          "customData": {
            "currentPage": "1",
            "totalPages": "1",
            "pageSize": "1",
            "positionIndex": "positionIndex1",
            "returnPage": "1",
            "returnPositionIndex": "returnPositionIndex1",
            "valuePair": null
          }
        }
      },
      "investmentWhereHeld": "investmentWhereHeld1",
      "investmentPartyList": {
        "currentPage": "1",
        "totalPages": "1",
        "pageSize": "1",
        "positionIndex": "positionIndex1",
        "returnPage": "1",
        "returnPositionIndex": "returnPositionIndex1",
        "investmentParty": {
          "investmentPartyId": "investmentPartyId1",
          "investmentPartyRelationshipType": {
            "holder": {
              "isHolder": "true",
              "qualifier": "Primary",
              "authority": "Authorized"
            }
          },
          "investmentContactList": {
            "currentPage": "1",
            "totalPages": "1",
            "pageSize": "1",
            "positionIndex": "positionIndex1",
            "returnPage": "1",
            "returnPositionIndex": "returnPositionIndex1",
            "contact": {
              "contactId": "contactId1",
              "contactType": "Address",
              "contactPersonName": {
                "firstName": "firstName1",
                "middleName": "middleName1",
                "lastName": "lastName1",
                "prefix": "prefix1",
                "suffix": "suffix1",
                "formattedName": "formattedName1",
                "nickname": "nickname1"
              },
              "contactPoint": {
                "address": {
                  "line1": "line11",
                  "line2": "line21",
                  "line3": "line31",
                  "line4": "line41",
                  "line5": "line51",
                  "line6": "line61",
                  "line7": "line71",
                  "line8": "line81",
                  "line9": "line91",
                  "line10": "line101",
                  "city": "city1",
                  "stateProvince": "stateProvince1",
                  "postalCode": "postalCode1",
                  "countryCode": "AD",
                  "country": "country1",
                  "addressType": "Home",
                  "effectiveDateTime": "1900-01-01T01:01:01Z",
                  "expirationDateTime": "1900-01-01T01:01:01Z",
                  "timeAtAddress": "P396DT1H1M1S",
                  "addressVerifyDateTime": "1900-01-01T01:01:01Z"
                }
              },
              "timeOfDay": "Afternoon",
              "demonstratedAccess": {
                "dateTime": "1900-01-01T01:01:01Z",
                "fullName": "fullName1",
                "userName": "userName1"
              },
              "badContactPoint": "true",
              "customData": {
                "currentPage": "1",
                "totalPages": "1",
                "pageSize": "1",
                "positionIndex": "positionIndex1",
                "returnPage": "1",
                "returnPositionIndex": "returnPositionIndex1",
                "valuePair": null
              }
            }
          }
        }
      },
      "investmentholdingList": {
        "currentPage": "1",
        "totalPages": "1",
        "pageSize": "1",
        "positionIndex": "positionIndex1",
        "returnPage": "1",
        "returnPositionIndex": "returnPositionIndex1",
        "investmentHolding": {
          "accountId": "accountId1",
          "holdingID": "holdingID1",
          "holdingCusipNumber": "holdingCusipNumber1",
          "holdingAsOfDateTime": "1900-01-01T01:01:01Z",
          "holdingType": "Asset",
          "holdingDescription": "holdingDescription1",
          "holdingQuantity": "1",
          "holdingPrice": {
            "value": "1",
            "currencyCode": "USD",
            "exchangeRate": "1"
          },
          "holdingPriceDateTime": "1900-01-01T01:01:01Z",
          "holdingStockSymbol": "holdingStockSymbol1",
          "holdingTotalValue": {
            "value": "1",
            "currencyCode": "USD",
            "exchangeRate": "1"
          },
          "holdingYield": "1",
          "holdingYieldAsOfDate": "1900-01-01T01:01:01Z",
          "holdingAssetClass": "holdingAssetClass1",
          "holdingBondClass": "holdingBondClass1",
          "holdingBondType": "holdingBondType1",
          "holdingMoodyRating": "holdingMoodyRating1",
          "holdingStandardAndPoorsRating": "holdingStandardAndPoorsRating1",
          "holdingParValue": {
            "value": "1",
            "currencyCode": "USD",
            "exchangeRate": "1"
          },
          "holdingCouponRate": "1",
          "holdingCouponFrequency": "AmortizedSchedule",
          "holdingCallPrice": {
            "value": "1",
            "currencyCode": "USD",
            "exchangeRate": "1"
          },
          "holdingYieldToCall": "1",
          "holdingCallType": "holdingCallType1",
          "holdingYieldToMaturity": "1",
          "holdingMaturityDate": "1900-01-01T01:01:01Z",
          "holdingNextCouponDate": "1900-01-01T01:01:01Z",
          "holdingNextCallDate": "1900-01-01T01:01:01Z"
        }
      }
    }
  }
}