{
  "loanDisbursementList": {
    "@xmlns:xsi": "http://www.w3.org/2001/XMLSchema-instance",
    "currentPage": "1",
    "totalPages": "1",
    "pageSize": "1",
    "positionIndex": "positionIndex1",
    "returnPage": "1",
    "returnPositionIndex": "returnPositionIndex1",
    "loanDisbursement": {
      "loanDisbursementCheck": {
        "loanDisbursementId": "loanDisbursementId1",
        "amount": "1",
        "description": "description1",
        "comment": "comment1",
        "payeeLines": "payeeLines1"
      }
    },
    "loanId": "loanId1"
  }
}