{
  "LoanDisbursementFilter": {
    "@xmlns:xsi": "http://www.w3.org/2001/XMLSchema-instance",
    "loanDisbursementIdList": {
      "currentPage": "1",
      "totalPages": "1",
      "pageSize": "1",
      "positionIndex": "positionIndex1",
      "returnPage": "1",
      "returnPositionIndex": "returnPositionIndex1",
      "loanDisbursementId": "loanDisbursementId1"
    },
    "loanIdList": {
      "currentPage": "1",
      "totalPages": "1",
      "pageSize": "1",
      "positionIndex": "positionIndex1",
      "returnPage": "1",
      "returnPositionIndex": "returnPositionIndex1",
      "loanId": "loanId1"
    },
    "customData": {
      "currentPage": "1",
      "totalPages": "1",
      "pageSize": "1",
      "positionIndex": "positionIndex1",
      "returnPage": "1",
      "returnPositionIndex": "returnPositionIndex1",
      "valuePair": {
        "name": "name1",
        "value": "value1"
      }
    }
  }
}