{
  "locationFilter": {
    "@xmlns:xsi": "http://www.w3.org/2001/XMLSchema-instance",
    "locationIdList": {
      "currentPage": "1",
      "totalPages": "1",
      "pageSize": "1",
      "positionIndex": "positionIndex1",
      "returnPage": "1",
      "returnPositionIndex": "returnPositionIndex1",
      "locationId": "locationId1"
    },
    "locationTypeList": {
      "currentPage": "1",
      "totalPages": "1",
      "pageSize": "1",
      "positionIndex": "positionIndex1",
      "returnPage": "1",
      "returnPositionIndex": "returnPositionIndex1",
      "locationType": "ATM"
    },
    "servicesList": {
      "currentPage": "1",
      "totalPages": "1",
      "pageSize": "1",
      "positionIndex": "positionIndex1",
      "returnPage": "1",
      "returnPositionIndex": "returnPositionIndex1",
      "servicesList": {
        "name": "name1",
        "value": "value1"
      }
    },
    "searchFromAddress": {
      "line1": "line11",
      "line2": "line21",
      "line3": "line31",
      "line4": "line41",
      "line5": "line51",
      "line6": "line61",
      "line7": "line71",
      "line8": "line81",
      "line9": "line91",
      "line10": "line101",
      "city": "city1",
      "stateProvince": "stateProvince1",
      "postalCode": "postalCode1",
      "countryCode": "AD",
      "country": "country1",
      "coordinate": {
        "latitude": "1",
        "longitude": "1"
      }
    },
    "depositTaking": "true",
    "maxNumberOfResults": "1",
    "maxDistance": {
      "unit": "unit1",
      "value": "1"
    },
    "isLocationOpen": "true"
  }
}