{
  "locationMessage": {
    "@xmlns:xsi": "http://www.w3.org/2001/XMLSchema-instance",
    "messageContext": {
      "cufxVersion": "1.0.3",
      "requestId": "requestId1",
      "vendorId": "vendorId1",
      "appId": "appId1",
      "fiId": "fiId1",
      "dataSourceId": "dataSourceId1",
      "environment": "Development",
      "returnDataFilter": "All",
      "includeBlankFields": "true",
      "includeZeroNumerics": "true",
      "userList": {
        "currentPage": "1",
        "totalPages": "1",
        "pageSize": "1",
        "positionIndex": "positionIndex1",
        "returnPage": "1",
        "returnPositionIndex": "returnPositionIndex1",
        "user": {
          "userId": "userId1",
          "processorSessionId": "processorSessionId1",
          "userType": "EmployeeId"
        }
      },
      "statusList": {
        "currentPage": "1",
        "totalPages": "1",
        "pageSize": "1",
        "positionIndex": "positionIndex1",
        "returnPage": "1",
        "returnPositionIndex": "returnPositionIndex1",
        "status": {
          "@xsi:nil": "true"
        }
      },
      "customData": {
        "currentPage": "1",
        "totalPages": "1",
        "pageSize": "1",
        "positionIndex": "positionIndex1",
        "returnPage": "1",
        "returnPositionIndex": "returnPositionIndex1",
        "valuePair": {
          "name": "name1",
          "value": "value1"
        }
      }
    },
    "locationFilter": {
      "locationIdList": {
        "currentPage": "1",
        "totalPages": "1",
        "pageSize": "1",
        "positionIndex": "positionIndex1",
        "returnPage": "1",
        "returnPositionIndex": "returnPositionIndex1",
        "locationId": "locationId1"
      },
      "locationTypeList": {
        "currentPage": "1",
        "totalPages": "1",
        "pageSize": "1",
        "positionIndex": "positionIndex1",
        "returnPage": "1",
        "returnPositionIndex": "returnPositionIndex1",
        "locationType": "ATM"
      },
      "servicesList": {
        "currentPage": "1",
        "totalPages": "1",
        "pageSize": "1",
        "positionIndex": "positionIndex1",
        "returnPage": "1",
        "returnPositionIndex": "returnPositionIndex1",
        "servicesList": {
          "name": "name1",
          "value": "value1"
        }
      },
      "searchFromAddress": {
        "line1": "line11",
        "line2": "line21",
        "line3": "line31",
        "line4": "line41",
        "line5": "line51",
        "line6": "line61",
        "line7": "line71",
        "line8": "line81",
        "line9": "line91",
        "line10": "line101",
        "city": "city1",
        "stateProvince": "stateProvince1",
        "postalCode": "postalCode1",
        "countryCode": "AD",
        "country": "country1",
        "coordinate": {
          "latitude": "1",
          "longitude": "1"
        }
      },
      "depositTaking": "true",
      "maxNumberOfResults": "1",
      "maxDistance": {
        "unit": "unit1",
        "value": "1"
      },
      "isLocationOpen": "true"
    },
    "locationList": {
      "currentPage": "1",
      "totalPages": "1",
      "pageSize": "1",
      "positionIndex": "positionIndex1",
      "returnPage": "1",
      "returnPositionIndex": "returnPositionIndex1",
      "location": {
        "locationId": "locationId1",
        "name": "name1",
        "distance": {
          "unit": "unit1",
          "value": "1"
        },
        "type": "ATM",
        "address": {
          "line1": "line11",
          "line2": "line21",
          "line3": "line31",
          "line4": "line41",
          "line5": "line51",
          "line6": "line61",
          "line7": "line71",
          "line8": "line81",
          "line9": "line91",
          "line10": "line101",
          "city": "city1",
          "stateProvince": "stateProvince1",
          "postalCode": "postalCode1",
          "countryCode": "AD",
          "country": "country1"
        },
        "phone": {
          "phoneType": "Home",
          "number": "number1",
          "extension": "extension1",
          "planFormat": "Nanp",
          "description": "description1",
          "smsRegistered": "true"
        },
        "mapUrl": "http://uri1",
        "network": "network1",
        "depositTaking": "true",
        "locationHoursList": {
          "currentPage": "1",
          "totalPages": "1",
          "pageSize": "1",
          "positionIndex": "positionIndex1",
          "returnPage": "1",
          "returnPositionIndex": "returnPositionIndex1",
          "locationHours": {
            "locationHoursType": "Lobby",
            "description": "description1",
            "dayOfTheWeek": "Monday",
            "openTime": "01:01:01",
            "closeTime": "01:01:01",
            "closedAllDay": "true",
            "openAllDay": "true"
          }
        },
        "servicesList": {
          "currentPage": "1",
          "totalPages": "1",
          "pageSize": "1",
          "positionIndex": "positionIndex1",
          "returnPage": "1",
          "returnPositionIndex": "returnPositionIndex1"
        },
        "customData": {
          "currentPage": "1",
          "totalPages": "1",
          "pageSize": "1",
          "positionIndex": "positionIndex1",
          "returnPage": "1",
          "returnPositionIndex": "returnPositionIndex1",
          "valuePair": null
        }
      }
    }
  }
}