{
  "microDepositFundingList": {
    "@xmlns:xsi": "http://www.w3.org/2001/XMLSchema-instance",
    "currentPage": "1",
    "totalPages": "1",
    "pageSize": "1",
    "positionIndex": "positionIndex1",
    "returnPage": "1",
    "returnPositionIndex": "returnPositionIndex1",
    "microDepositFunding": {
      "microDepositFundingId": "microDepositFundingId1",
      "relationshipId": "relationshipId1",
      "partyId": "partyId1",
      "sourceAccount": "sourceAccount1",
      "externalAccountID": "externalAccountID1",
      "externalRoutingNumber": "externalRoutingNumber1",
      "microDepositList": {
        "currentPage": "1",
        "totalPages": "1",
        "pageSize": "1",
        "positionIndex": "positionIndex1",
        "returnPage": "1",
        "returnPositionIndex": "returnPositionIndex1",
        "microDeposit": {
          "microDepositId": "microDepositId1",
          "microDepositAmount": {
            "value": "1",
            "currencyCode": "USD",
            "exchangeRate": "1"
          },
          "microDepositConfirmationCode": "microDepositConfirmationCode1"
        }
      },
      "customData": {
        "currentPage": "1",
        "totalPages": "1",
        "pageSize": "1",
        "positionIndex": "positionIndex1",
        "returnPage": "1",
        "returnPositionIndex": "returnPositionIndex1",
        "valuePair": {
          "name": "name1",
          "value": "value1"
        }
      }
    }
  }
}