{
  "microDepositFundingFilter": {
    "@xmlns:xsi": "http://www.w3.org/2001/XMLSchema-instance",
    "microDepositFundingIdList": {
      "currentPage": "1",
      "totalPages": "1",
      "pageSize": "1",
      "positionIndex": "positionIndex1",
      "returnPage": "1",
      "returnPositionIndex": "returnPositionIndex1",
      "microDepositFundingId": "microDepositFundingId1"
    },
    "microDepositIdList": {
      "currentPage": "1",
      "totalPages": "1",
      "pageSize": "1",
      "positionIndex": "positionIndex1",
      "returnPage": "1",
      "returnPositionIndex": "returnPositionIndex1",
      "microDepositId": "microDepositId1"
    },
    "partyIdList": {
      "currentPage": "1",
      "totalPages": "1",
      "pageSize": "1",
      "positionIndex": "positionIndex1",
      "returnPage": "1",
      "returnPositionIndex": "returnPositionIndex1",
      "partyId": "partyId1"
    },
    "relationshipIdList": {
      "currentPage": "1",
      "totalPages": "1",
      "pageSize": "1",
      "positionIndex": "positionIndex1",
      "returnPage": "1",
      "returnPositionIndex": "returnPositionIndex1",
      "relationshipId": "relationshipId1"
    },
    "sourceAccountIdList": {
      "currentPage": "1",
      "totalPages": "1",
      "pageSize": "1",
      "positionIndex": "positionIndex1",
      "returnPage": "1",
      "returnPositionIndex": "returnPositionIndex1",
      "accountId": "accountId1"
    },
    "accountStatusList": {
      "currentPage": "1",
      "totalPages": "1",
      "pageSize": "1",
      "positionIndex": "positionIndex1",
      "returnPage": "1",
      "returnPositionIndex": "returnPositionIndex1",
      "accountStatusPair": {
        "accountStatus": {
          "depositAccountStatus": "Active"
        },
        "accountSubStatus": "accountSubStatus1"
      }
    },
    "externalAccountIdList": {
      "currentPage": "1",
      "totalPages": "1",
      "pageSize": "1",
      "positionIndex": "positionIndex1",
      "returnPage": "1",
      "returnPositionIndex": "returnPositionIndex1",
      "accountId": "accountId1"
    },
    "microDepositConfirmationCode": "microDepositConfirmationCode1"
  }
}