{
  "detailedNoteList": {
    "@xmlns:xsi": "http://www.w3.org/2001/XMLSchema-instance",
    "currentPage": "1",
    "totalPages": "1",
    "pageSize": "1",
    "positionIndex": "positionIndex1",
    "returnPage": "1",
    "returnPositionIndex": "returnPositionIndex1",
    "detailedNote": {
      "referenceIdChoice": {
        "accountId": "accountId1"
      },
      "commonNoteData": {
        "noteId": "noteId1",
        "recordType": "Account",
        "noteCode": "noteCode1",
        "noteText": "noteText1",
        "noteCreatedDateTime": "1900-01-01T01:01:01Z",
        "noteExpirationDate": "1900-01-01",
        "noteCreator": "noteCreator1"
      }
    }
  }
}