{
  "noteMessage": {
    "@xmlns:xsi": "http://www.w3.org/2001/XMLSchema-instance",
    "messageContext": {
      "cufxVersion": "1.0.3",
      "requestId": "requestId1",
      "vendorId": "vendorId1",
      "appId": "appId1",
      "fiId": "fiId1",
      "dataSourceId": "dataSourceId1",
      "environment": "Development",
      "returnDataFilter": "All",
      "includeBlankFields": "true",
      "includeZeroNumerics": "true",
      "userList": {
        "currentPage": "1",
        "totalPages": "1",
        "pageSize": "1",
        "positionIndex": "positionIndex1",
        "returnPage": "1",
        "returnPositionIndex": "returnPositionIndex1",
        "user": {
          "userId": "userId1",
          "processorSessionId": "processorSessionId1",
          "userType": "EmployeeId"
        }
      },
      "statusList": {
        "currentPage": "1",
        "totalPages": "1",
        "pageSize": "1",
        "positionIndex": "positionIndex1",
        "returnPage": "1",
        "returnPositionIndex": "returnPositionIndex1",
        "status": {
          "@xsi:nil": "true"
        }
      },
      "customData": {
        "currentPage": "1",
        "totalPages": "1",
        "pageSize": "1",
        "positionIndex": "positionIndex1",
        "returnPage": "1",
        "returnPositionIndex": "returnPositionIndex1",
        "valuePair": {
          "name": "name1",
          "value": "value1"
        }
      }
    },
    "notesFilter": {
      "noteIdList": {
        "currentPage": "1",
        "totalPages": "1",
        "pageSize": "1",
        "positionIndex": "positionIndex1",
        "returnPage": "1",
        "returnPositionIndex": "returnPositionIndex1",
        "noteID": "noteID1"
      },
      "recordType": "Account",
      "noteCodelist": {
        "currentPage": "1",
        "totalPages": "1",
        "pageSize": "1",
        "positionIndex": "positionIndex1",
        "returnPage": "1",
        "returnPositionIndex": "returnPositionIndex1",
        "noteCode": "noteCode1"
      },
      "noteCreatorList": {
        "currentPage": "1",
        "totalPages": "1",
        "pageSize": "1",
        "positionIndex": "positionIndex1",
        "returnPage": "1",
        "returnPositionIndex": "returnPositionIndex1",
        "noteCode": "noteCode1"
      },
      "accountIdList": {
        "currentPage": "1",
        "totalPages": "1",
        "pageSize": "1",
        "positionIndex": "positionIndex1",
        "returnPage": "1",
        "returnPositionIndex": "returnPositionIndex1",
        "accountId": "accountId1"
      },
      "accountStatusList": {
        "currentPage": "1",
        "totalPages": "1",
        "pageSize": "1",
        "positionIndex": "positionIndex1",
        "returnPage": "1",
        "returnPositionIndex": "returnPositionIndex1",
        "accountStatusPair": {
          "accountStatus": {
            "depositAccountStatus": "Active"
          },
          "accountSubStatus": "accountSubStatus1"
        }
      },
      "applicationIdList": {
        "currentPage": "1",
        "totalPages": "1",
        "pageSize": "1",
        "positionIndex": "positionIndex1",
        "returnPage": "1",
        "returnPositionIndex": "returnPositionIndex1",
        "applicationId": "applicationId1"
      },
      "partyIdList": {
        "currentPage": "1",
        "totalPages": "1",
        "pageSize": "1",
        "positionIndex": "positionIndex1",
        "returnPage": "1",
        "returnPositionIndex": "returnPositionIndex1",
        "partyId": "partyId1"
      },
      "relationshipIdList": {
        "currentPage": "1",
        "totalPages": "1",
        "pageSize": "1",
        "positionIndex": "positionIndex1",
        "returnPage": "1",
        "returnPositionIndex": "returnPositionIndex1",
        "relationshipId": "relationshipId1"
      },
      "productServiceRequestIdList": {
        "currentPage": "1",
        "totalPages": "1",
        "pageSize": "1",
        "positionIndex": "positionIndex1",
        "returnPage": "1",
        "returnPositionIndex": "returnPositionIndex1",
        "productServiceRequestId": {
          "@xsi:nil": "true"
        }
      },
      "noteCreatedDateRange": {
        "startDateTime": "1900-01-01T01:01:01Z",
        "endDateTime": "1900-01-01T01:01:01Z"
      }
    },
    "detailedNoteList": {
      "currentPage": "1",
      "totalPages": "1",
      "pageSize": "1",
      "positionIndex": "positionIndex1",
      "returnPage": "1",
      "returnPositionIndex": "returnPositionIndex1",
      "detailedNote": {
        "referenceIdChoice": {
          "accountId": "accountId1"
        },
        "commonNoteData": {
          "noteId": "noteId1",
          "recordType": "Account",
          "noteCode": "noteCode1",
          "noteText": "noteText1",
          "noteCreatedDateTime": "1900-01-01T01:01:01Z",
          "noteExpirationDate": "1900-01-01",
          "noteCreator": "noteCreator1"
        }
      }
    }
  }
}