{
  "overdraftPriorityList": {
    "@xmlns:xsi": "http://www.w3.org/2001/XMLSchema-instance",
    "currentPage": "1",
    "totalPages": "1",
    "pageSize": "1",
    "positionIndex": "positionIndex1",
    "returnPage": "1",
    "returnPositionIndex": "returnPositionIndex1",
    "overdraftPriority": {
      "accountId": "accountId1",
      "overdraftPriorityAccountList": {
        "currentPage": "1",
        "totalPages": "1",
        "pageSize": "1",
        "positionIndex": "positionIndex1",
        "returnPage": "1",
        "returnPositionIndex": "returnPositionIndex1",
        "overdraftPriorityAccount": {
          "overdraftPriorityId": "overdraftPriorityId1",
          "priority": "1",
          "accountId": "accountId1"
        }
      }
    }
  }
}