{
  "partyAssociationFilter": {
    "@xmlns:xsi": "http://www.w3.org/2001/XMLSchema-instance",
    "partyAssociationIdList": {
      "currentPage": "1",
      "totalPages": "1",
      "pageSize": "1",
      "positionIndex": "positionIndex1",
      "returnPage": "1",
      "returnPositionIndex": "returnPositionIndex1",
      "partyAssociationId": "partyAssociationId1"
    },
    "parentPartyIdList": {
      "currentPage": "1",
      "totalPages": "1",
      "pageSize": "1",
      "positionIndex": "positionIndex1",
      "returnPage": "1",
      "returnPositionIndex": "returnPositionIndex1",
      "partyId": "partyId1"
    },
    "childPartyIdList": {
      "currentPage": "1",
      "totalPages": "1",
      "pageSize": "1",
      "positionIndex": "positionIndex1",
      "returnPage": "1",
      "returnPositionIndex": "returnPositionIndex1",
      "partyId": "partyId1"
    },
    "partyAssociationTypeList": {
      "currentPage": "1",
      "totalPages": "1",
      "pageSize": "1",
      "positionIndex": "positionIndex1",
      "returnPage": "1",
      "returnPositionIndex": "returnPositionIndex1",
      "partyAssociationType": {
        "partner": {
          "currentPage": "1",
          "totalPages": "1",
          "pageSize": "1",
          "positionIndex": "positionIndex1",
          "returnPage": "1",
          "returnPositionIndex": "returnPositionIndex1",
          "qualifier": "GeneralPartner"
        },
        "officerManager": {
          "currentPage": "1",
          "totalPages": "1",
          "pageSize": "1",
          "positionIndex": "positionIndex1",
          "returnPage": "1",
          "returnPositionIndex": "returnPositionIndex1",
          "qualifier": "BoardOfDirectors"
        },
        "agent": {
          "qualifier": "Custodian",
          "authority": "Unauthorized"
        },
        "nextOfKin": {
          "currentPage": "1",
          "totalPages": "1",
          "pageSize": "1",
          "positionIndex": "positionIndex1",
          "returnPage": "1",
          "returnPositionIndex": "returnPositionIndex1",
          "qualifier": "NotSpecified"
        },
        "trustor": {
          "currentPage": "1",
          "totalPages": "1",
          "pageSize": "1",
          "positionIndex": "positionIndex1",
          "returnPage": "1",
          "returnPositionIndex": "returnPositionIndex1",
          "qualifier": "ProvidesFunds"
        }
      }
    }
  }
}