{
  "partyAssociationList": {
    "@xmlns:xsi": "http://www.w3.org/2001/XMLSchema-instance",
    "currentPage": "1",
    "totalPages": "1",
    "pageSize": "1",
    "positionIndex": "positionIndex1",
    "returnPage": "1",
    "returnPositionIndex": "returnPositionIndex1",
    "partyAssociation": {
      "partyAssociationId": "partyAssociationId1",
      "parentPartyId": "parentPartyId1",
      "childPartyId": "childPartyId1",
      "partyAssociationType": {
        "partner": {
          "currentPage": "1",
          "totalPages": "1",
          "pageSize": "1",
          "positionIndex": "positionIndex1",
          "returnPage": "1",
          "returnPositionIndex": "returnPositionIndex1",
          "qualifier": "GeneralPartner"
        },
        "officerManager": {
          "currentPage": "1",
          "totalPages": "1",
          "pageSize": "1",
          "positionIndex": "positionIndex1",
          "returnPage": "1",
          "returnPositionIndex": "returnPositionIndex1",
          "qualifier": "BoardOfDirectors"
        },
        "agent": {
          "qualifier": "Custodian",
          "authority": "Unauthorized"
        },
        "nextOfKin": {
          "currentPage": "1",
          "totalPages": "1",
          "pageSize": "1",
          "positionIndex": "positionIndex1",
          "returnPage": "1",
          "returnPositionIndex": "returnPositionIndex1",
          "qualifier": "NotSpecified"
        },
        "trustor": {
          "currentPage": "1",
          "totalPages": "1",
          "pageSize": "1",
          "positionIndex": "positionIndex1",
          "returnPage": "1",
          "returnPositionIndex": "returnPositionIndex1",
          "qualifier": "ProvidesFunds"
        }
      },
      "customData": {
        "currentPage": "1",
        "totalPages": "1",
        "pageSize": "1",
        "positionIndex": "positionIndex1",
        "returnPage": "1",
        "returnPositionIndex": "returnPositionIndex1",
        "valuePair": {
          "name": "name1",
          "value": "value1"
        }
      }
    }
  }
}