{
  "permissionList": {
    "@xmlns:xsi": "http://www.w3.org/2001/XMLSchema-instance",
    "currentPage": "1",
    "totalPages": "1",
    "pageSize": "1",
    "positionIndex": "positionIndex1",
    "returnPage": "1",
    "returnPositionIndex": "returnPositionIndex1",
    "permission": {
      "actor": {
        "fiUserId": "fiUserId1"
      },
      "action": "AgreeToTerms",
      "resource": {
        "accountId": "accountId1"
      },
      "maxLimits": {
        "dailyMax": {
          "maxAmount": {
            "value": "1",
            "currencyCode": "USD",
            "exchangeRate": "1"
          },
          "maxNumber": "1",
          "rollingAmount": {
            "value": "1",
            "currencyCode": "USD",
            "exchangeRate": "1"
          },
          "rollingNumber": "1"
        },
        "weeklyMax": {
          "maxAmount": null,
          "maxNumber": "1",
          "rollingAmount": null,
          "rollingNumber": "1"
        },
        "monthlyMax": {
          "maxAmount": null,
          "maxNumber": "1",
          "rollingAmount": null,
          "rollingNumber": "1"
        }
      }
    }
  }
}