{
  "permissionListMessage": {
    "@xmlns:xsi": "http://www.w3.org/2001/XMLSchema-instance",
    "messageContext": {
      "cufxVersion": "1.0.3",
      "requestId": "requestId1",
      "vendorId": "vendorId1",
      "appId": "appId1",
      "fiId": "fiId1",
      "dataSourceId": "dataSourceId1",
      "environment": "Development",
      "returnDataFilter": "All",
      "includeBlankFields": "true",
      "includeZeroNumerics": "true",
      "userList": {
        "currentPage": "1",
        "totalPages": "1",
        "pageSize": "1",
        "positionIndex": "positionIndex1",
        "returnPage": "1",
        "returnPositionIndex": "returnPositionIndex1",
        "user": {
          "userId": "userId1",
          "processorSessionId": "processorSessionId1",
          "userType": "EmployeeId"
        }
      },
      "statusList": {
        "currentPage": "1",
        "totalPages": "1",
        "pageSize": "1",
        "positionIndex": "positionIndex1",
        "returnPage": "1",
        "returnPositionIndex": "returnPositionIndex1",
        "status": {
          "@xsi:nil": "true"
        }
      },
      "customData": {
        "currentPage": "1",
        "totalPages": "1",
        "pageSize": "1",
        "positionIndex": "positionIndex1",
        "returnPage": "1",
        "returnPositionIndex": "returnPositionIndex1",
        "valuePair": {
          "name": "name1",
          "value": "value1"
        }
      }
    },
    "permissionListFilter": {
      "actors": {
        "fiUserId": "fiUserId1"
      },
      "actionList": "AgreeToTerms",
      "resources": {
        "accountIdList": {
          "currentPage": "1",
          "totalPages": "1",
          "pageSize": "1",
          "positionIndex": "positionIndex1",
          "returnPage": "1",
          "returnPositionIndex": "returnPositionIndex1",
          "accountId": "accountId1"
        },
        "accountStatusList": {
          "currentPage": "1",
          "totalPages": "1",
          "pageSize": "1",
          "positionIndex": "positionIndex1",
          "returnPage": "1",
          "returnPositionIndex": "returnPositionIndex1",
          "accountStatusPair": {
            "accountStatus": {
              "depositAccountStatus": "Active"
            },
            "accountSubStatus": "accountSubStatus1"
          }
        },
        "fiUserIdList": {
          "currentPage": "1",
          "totalPages": "1",
          "pageSize": "1",
          "positionIndex": "positionIndex1",
          "returnPage": "1",
          "returnPositionIndex": "returnPositionIndex1",
          "fiUserId": "fiUserId1"
        },
        "cardIdList": {
          "currentPage": "1",
          "totalPages": "1",
          "pageSize": "1",
          "positionIndex": "positionIndex1",
          "returnPage": "1",
          "returnPositionIndex": "returnPositionIndex1",
          "cardId": "cardId1"
        },
        "relationshipIdList": {
          "currentPage": "1",
          "totalPages": "1",
          "pageSize": "1",
          "positionIndex": "positionIndex1",
          "returnPage": "1",
          "returnPositionIndex": "returnPositionIndex1",
          "relationshipId": "relationshipId1"
        }
      }
    },
    "permissionList": {
      "currentPage": "1",
      "totalPages": "1",
      "pageSize": "1",
      "positionIndex": "positionIndex1",
      "returnPage": "1",
      "returnPositionIndex": "returnPositionIndex1",
      "permission": {
        "actor": {
          "fiUserId": "fiUserId1"
        },
        "action": "AgreeToTerms",
        "resource": {
          "accountId": "accountId1"
        },
        "maxLimits": {
          "dailyMax": {
            "maxAmount": {
              "value": "1",
              "currencyCode": "USD",
              "exchangeRate": "1"
            },
            "maxNumber": "1",
            "rollingAmount": {
              "value": "1",
              "currencyCode": "USD",
              "exchangeRate": "1"
            },
            "rollingNumber": "1"
          },
          "weeklyMax": {
            "maxAmount": null,
            "maxNumber": "1",
            "rollingAmount": null,
            "rollingNumber": "1"
          },
          "monthlyMax": {
            "maxAmount": null,
            "maxNumber": "1",
            "rollingAmount": null,
            "rollingNumber": "1"
          }
        }
      }
    }
  }
}