{
  "productOfferingList": {
    "@xmlns:xsi": "http://www.w3.org/2001/XMLSchema-instance",
    "currentPage": "1",
    "totalPages": "1",
    "pageSize": "1",
    "positionIndex": "positionIndex1",
    "returnPage": "1",
    "returnPositionIndex": "returnPositionIndex1",
    "productOffering": {
      "productId": "productId1",
      "productType": "Checking",
      "productSubType": "productSubType1",
      "systemProductKeys": {
        "currentPage": "1",
        "totalPages": "1",
        "pageSize": "1",
        "positionIndex": "positionIndex1",
        "returnPage": "1",
        "returnPositionIndex": "returnPositionIndex1",
        "valuePair": {
          "name": "name1",
          "value": "value1"
        }
      },
      "description": "description1",
      "pointsRewardsProgram": "true",
      "interestRateList": {
        "currentPage": "1",
        "totalPages": "1",
        "pageSize": "1",
        "positionIndex": "positionIndex1",
        "returnPage": "1",
        "returnPositionIndex": "returnPositionIndex1",
        "interestRate": {
          "interestRateId": "interestRateId1",
          "interestPointsRewardsProgram": "true",
          "introductoryRate": "true",
          "balanceConsolidationRate": "true",
          "riskRate": "true",
          "riskRateClassificationMinimum": "riskRateClassificationMinimum1",
          "riskRateClassificationMaximum": "riskRateClassificationMaximum1",
          "interestRateDescription": "interestRateDescription1",
          "interestRateCriteria": "interestRateCriteria1",
          "minimumBalance": {
            "value": "1",
            "currencyCode": "USD",
            "exchangeRate": "1"
          },
          "maximumBalance": {
            "value": "1",
            "currencyCode": "USD",
            "exchangeRate": "1"
          },
          "term": "P396DT1H1M1S",
          "effectiveDateTime": "1900-01-01T01:01:01Z",
          "expirationDateTime": "1900-01-01T01:01:01Z",
          "interestRate": "1"
        }
      },
      "brand": "brand1",
      "customData": {
        "currentPage": "1",
        "totalPages": "1",
        "pageSize": "1",
        "positionIndex": "positionIndex1",
        "returnPage": "1",
        "returnPositionIndex": "returnPositionIndex1",
        "valuePair": null
      }
    }
  }
}