{
  "productOfferingFilter": {
    "@xmlns:xsi": "http://www.w3.org/2001/XMLSchema-instance",
    "productIdList": {
      "currentPage": "1",
      "totalPages": "1",
      "pageSize": "1",
      "positionIndex": "positionIndex1",
      "returnPage": "1",
      "returnPositionIndex": "returnPositionIndex1",
      "productId": {
        "@xsi:nil": "true"
      }
    },
    "productTypeList": {
      "currentPage": "1",
      "totalPages": "1",
      "pageSize": "1",
      "positionIndex": "positionIndex1",
      "returnPage": "1",
      "returnPositionIndex": "returnPositionIndex1",
      "productType": "Checking"
    },
    "productSubTypeList": {
      "currentPage": "1",
      "totalPages": "1",
      "pageSize": "1",
      "positionIndex": "positionIndex1",
      "returnPage": "1",
      "returnPositionIndex": "returnPositionIndex1",
      "productSubType": {
        "@xsi:nil": "true"
      }
    },
    "introductoryRate": "true",
    "balanceConsolidationRate": "true",
    "riskRate": "true",
    "interestRateEffectiveDateRange": {
      "startDateTime": "1900-01-01T01:01:01Z",
      "endDateTime": "1900-01-01T01:01:01Z"
    },
    "interestRateExpirationDateRange": {
      "startDateTime": "1900-01-01T01:01:01Z",
      "endDateTime": "1900-01-01T01:01:01Z"
    },
    "minTerm": "P396DT1H1M1S",
    "maxTerm": "P396DT1H1M1S",
    "pointsRewardsProgram": "true",
    "brand": "brand1",
    "riskRateClassification": "riskRateClassification1"
  }
}