{
  "questionList": {
    "@xmlns:xsi": "http://www.w3.org/2001/XMLSchema-instance",
    "currentPage": "1",
    "totalPages": "1",
    "pageSize": "1",
    "positionIndex": "positionIndex1",
    "returnPage": "1",
    "returnPositionIndex": "returnPositionIndex1",
    "question": {
      "choiceList": {
        "currentPage": "1",
        "totalPages": "1",
        "pageSize": "1",
        "positionIndex": "positionIndex1",
        "returnPage": "1",
        "returnPositionIndex": "returnPositionIndex1",
        "choice": [
          {
            "choiceId": "choiceId1",
            "choiceText": "choiceText1",
            "customData": {
              "currentPage": "1",
              "totalPages": "1",
              "pageSize": "1",
              "positionIndex": "positionIndex1",
              "returnPage": "1",
              "returnPositionIndex": "returnPositionIndex1",
              "valuePair": {
                "name": "name1",
                "value": "value1"
              }
            }
          },
          {
            "choiceId": "choiceId2",
            "choiceText": "choiceText2",
            "customData": {
              "currentPage": "-79228162514264337593543950335",
              "totalPages": "-79228162514264337593543950335",
              "pageSize": "-79228162514264337593543950335",
              "positionIndex": "positionIndex2",
              "returnPage": "-79228162514264337593543950335",
              "returnPositionIndex": "returnPositionIndex2",
              "valuePair": {
                "name": "name2",
                "value": "value2"
              }
            }
          }
        ]
      },
      "questionId": "questionId1",
      "questionText": "questionText1",
      "customData": {
        "currentPage": "1",
        "totalPages": "1",
        "pageSize": "1",
        "positionIndex": "positionIndex1",
        "returnPage": "1",
        "returnPositionIndex": "returnPositionIndex1",
        "valuePair": null
      }
    }
  }
}