{
  "ratingsList": {
    "@xmlns:xsi": "http://www.w3.org/2001/XMLSchema-instance",
    "currentPage": "1",
    "totalPages": "1",
    "pageSize": "1",
    "positionIndex": "positionIndex1",
    "returnPage": "1",
    "returnPositionIndex": "returnPositionIndex1",
    "rating": {
      "reviewId": "reviewId1",
      "reviewDateTime": "1900-01-01",
      "reviewerName": "reviewerName1",
      "productCode": "productCode1",
      "productName": "productName1",
      "overallRating": "1",
      "featureReview": "true",
      "recommended": "true",
      "reviewSubject": "reviewSubject1",
      "reviewDescription": "reviewDescription1",
      "reviewerEmail": "reviewerEmail1",
      "reviewerUserId": "reviewerUserId1",
      "reviewerLocation": "reviewerLocation1",
      "reviewerAge": "reviewerAge1",
      "reviewerGender": "Male",
      "productDescription": "productDescription1",
      "productType": "productType1",
      "productURL": "productURL1"
    }
  }
}