{
  "registeredDeviceMessage": {
    "@xmlns:xsi": "http://www.w3.org/2001/XMLSchema-instance",
    "messageContext": {
      "cufxVersion": "1.0.3",
      "requestId": "requestId1",
      "vendorId": "vendorId1",
      "appId": "appId1",
      "fiId": "fiId1",
      "dataSourceId": "dataSourceId1",
      "environment": "Development",
      "returnDataFilter": "All",
      "includeBlankFields": "true",
      "includeZeroNumerics": "true",
      "userList": {
        "currentPage": "1",
        "totalPages": "1",
        "pageSize": "1",
        "positionIndex": "positionIndex1",
        "returnPage": "1",
        "returnPositionIndex": "returnPositionIndex1",
        "user": {
          "userId": "userId1",
          "processorSessionId": "processorSessionId1",
          "userType": "EmployeeId"
        }
      },
      "statusList": {
        "currentPage": "1",
        "totalPages": "1",
        "pageSize": "1",
        "positionIndex": "positionIndex1",
        "returnPage": "1",
        "returnPositionIndex": "returnPositionIndex1",
        "status": {
          "@xsi:nil": "true"
        }
      },
      "customData": {
        "currentPage": "1",
        "totalPages": "1",
        "pageSize": "1",
        "positionIndex": "positionIndex1",
        "returnPage": "1",
        "returnPositionIndex": "returnPositionIndex1",
        "valuePair": {
          "name": "name1",
          "value": "value1"
        }
      }
    },
    "registeredDeviceFilter": {
      "deviceIDList": {
        "currentPage": "1",
        "totalPages": "1",
        "pageSize": "1",
        "positionIndex": "positionIndex1",
        "returnPage": "1",
        "returnPositionIndex": "returnPositionIndex1",
        "deviceId": "deviceId1"
      },
      "partyIdList": {
        "currentPage": "1",
        "totalPages": "1",
        "pageSize": "1",
        "positionIndex": "positionIndex1",
        "returnPage": "1",
        "returnPositionIndex": "returnPositionIndex1",
        "partyId": "partyId1"
      },
      "relationshipIdList": {
        "currentPage": "1",
        "totalPages": "1",
        "pageSize": "1",
        "positionIndex": "positionIndex1",
        "returnPage": "1",
        "returnPositionIndex": "returnPositionIndex1",
        "relationshipId": "relationshipId1"
      },
      "accountIdList": {
        "currentPage": "1",
        "totalPages": "1",
        "pageSize": "1",
        "positionIndex": "positionIndex1",
        "returnPage": "1",
        "returnPositionIndex": "returnPositionIndex1",
        "accountId": "accountId1"
      },
      "accountStatusList": {
        "currentPage": "1",
        "totalPages": "1",
        "pageSize": "1",
        "positionIndex": "positionIndex1",
        "returnPage": "1",
        "returnPositionIndex": "returnPositionIndex1",
        "accountStatusPair": {
          "accountStatus": {
            "depositAccountStatus": "Active"
          },
          "accountSubStatus": "accountSubStatus1"
        }
      },
      "encryptedFlag": "true"
    },
    "registeredDeviceList": {
      "currentPage": "1",
      "totalPages": "1",
      "pageSize": "1",
      "positionIndex": "positionIndex1",
      "returnPage": "1",
      "returnPositionIndex": "returnPositionIndex1",
      "registeredDevice": {
        "deviceId": "deviceId1",
        "partyIdList": {
          "currentPage": "1",
          "totalPages": "1",
          "pageSize": "1",
          "positionIndex": "positionIndex1",
          "returnPage": "1",
          "returnPositionIndex": "returnPositionIndex1",
          "partyId": "partyId1"
        },
        "relationshipIdList": {
          "currentPage": "1",
          "totalPages": "1",
          "pageSize": "1",
          "positionIndex": "positionIndex1",
          "returnPage": "1",
          "returnPositionIndex": "returnPositionIndex1",
          "relationshipId": "relationshipId1"
        },
        "accountIdList": {
          "currentPage": "1",
          "totalPages": "1",
          "pageSize": "1",
          "positionIndex": "positionIndex1",
          "returnPage": "1",
          "returnPositionIndex": "returnPositionIndex1",
          "accountId": "accountId1"
        },
        "encryptedFlag": "true",
        "isRegisteredFlag": "true"
      }
    }
  }
}