{
  "relationshipList": {
    "@xmlns:xsi": "http://www.w3.org/2001/XMLSchema-instance",
    "currentPage": "1",
    "totalPages": "1",
    "pageSize": "1",
    "positionIndex": "positionIndex1",
    "returnPage": "1",
    "returnPositionIndex": "returnPositionIndex1",
    "relationship": {
      "relationshipId": "relationshipId1",
      "dateCreated": "1900-01-01",
      "dateRelationshipEnded": "1900-01-01",
      "rewardsCode": "rewardsCode1",
      "relationshipPartyList": {
        "currentPage": "1",
        "totalPages": "1",
        "pageSize": "1",
        "positionIndex": "positionIndex1",
        "returnPage": "1",
        "returnPositionIndex": "returnPositionIndex1",
        "relationshipParty": {
          "@xsi:nil": "true"
        }
      },
      "accountIdList": {
        "currentPage": "1",
        "totalPages": "1",
        "pageSize": "1",
        "positionIndex": "positionIndex1",
        "returnPage": "1",
        "returnPositionIndex": "returnPositionIndex1",
        "accountId": "accountId1"
      },
      "relationshipStatus": "Active"
    }
  }
}