{
  "remoteDepositList": {
    "@xmlns:xsi": "http://www.w3.org/2001/XMLSchema-instance",
    "currentPage": "1",
    "totalPages": "1",
    "pageSize": "1",
    "positionIndex": "positionIndex1",
    "returnPage": "1",
    "returnPositionIndex": "returnPositionIndex1",
    "remoteDeposit": {
      "action": "CreateSession",
      "remoteDepositId": "remoteDepositId1",
      "clientReferenceId": "clientReferenceId1",
      "vendorReferenceId": "vendorReferenceId1",
      "checkNumber": "checkNumber1",
      "routingTransitNumber": "routingTransitNumber1",
      "micrCheckAccountNumber": "micrCheckAccountNumber1",
      "amount": {
        "value": "1",
        "currencyCode": "USD",
        "exchangeRate": "1"
      },
      "cropped": "true",
      "frontImage": {
        "artifactId": {
          "artifactUniqueId": "artifactUniqueId1"
        },
        "artifactType": "artifactType1",
        "externalId": "externalId1",
        "artifact": "base64Binary Content",
        "artifactName": "artifactName1",
        "artifactDescription": "artifactDescription1",
        "artifactOwner": "artifactOwner1",
        "artifactCreationDate": "1900-01-01T01:01:01Z",
        "artifactModifiedDate": "1900-01-01T01:01:01Z",
        "artifactArchivedDate": "1900-01-01T01:01:01Z",
        "artifactDeletedDate": "1900-01-01T01:01:01Z",
        "artifactCompressionType": "artifactCompressionType1",
        "artifactArchived": "true",
        "customData": {
          "currentPage": "1",
          "totalPages": "1",
          "pageSize": "1",
          "positionIndex": "positionIndex1",
          "returnPage": "1",
          "returnPositionIndex": "returnPositionIndex1",
          "valuePair": {
            "name": "name1",
            "value": "value1"
          }
        }
      },
      "backImage": {
        "artifactType": "artifactType1",
        "externalId": "externalId1",
        "artifact": "base64Binary Content",
        "artifactName": "artifactName1",
        "artifactDescription": "artifactDescription1",
        "artifactOwner": "artifactOwner1",
        "artifactCreationDate": "1900-01-01T01:01:01Z",
        "artifactModifiedDate": "1900-01-01T01:01:01Z",
        "artifactArchivedDate": "1900-01-01T01:01:01Z",
        "artifactDeletedDate": "1900-01-01T01:01:01Z",
        "artifactCompressionType": "artifactCompressionType1",
        "artifactArchived": "true"
      },
      "accountId": "accountId1",
      "status": "ExceedsDepositLimit",
      "imageValidationIssueList": {
        "currentPage": "1",
        "totalPages": "1",
        "pageSize": "1",
        "positionIndex": "positionIndex1",
        "returnPage": "1",
        "returnPositionIndex": "returnPositionIndex1",
        "imageValidationIssue": "CARMismatchFailed"
      },
      "remoteDepositNoteList": {
        "currentPage": "1",
        "totalPages": "1",
        "pageSize": "1",
        "positionIndex": "positionIndex1",
        "returnPage": "1",
        "returnPositionIndex": "returnPositionIndex1",
        "note": {
          "noteId": "noteId1",
          "recordType": "Account",
          "noteCode": "noteCode1",
          "noteText": "noteText1",
          "noteCreatedDateTime": "1900-01-01T01:01:01Z",
          "noteExpirationDate": "1900-01-01",
          "noteCreator": "noteCreator1"
        }
      },
      "submittedDateTime": "1900-01-01T01:01:01Z",
      "lastUpdateDateTime": "1900-01-01T01:01:01Z",
      "customData": {
        "currentPage": "1",
        "totalPages": "1",
        "pageSize": "1",
        "positionIndex": "positionIndex1",
        "returnPage": "1",
        "returnPositionIndex": "returnPositionIndex1",
        "valuePair": null
      }
    }
  }
}