{
  "remoteDepositMessage": {
    "@xmlns:xsi": "http://www.w3.org/2001/XMLSchema-instance",
    "messageContext": {
      "cufxVersion": "1.0.3",
      "requestId": "requestId1",
      "vendorId": "vendorId1",
      "appId": "appId1",
      "fiId": "fiId1",
      "dataSourceId": "dataSourceId1",
      "environment": "Development",
      "returnDataFilter": "All",
      "includeBlankFields": "true",
      "includeZeroNumerics": "true",
      "userList": {
        "currentPage": "1",
        "totalPages": "1",
        "pageSize": "1",
        "positionIndex": "positionIndex1",
        "returnPage": "1",
        "returnPositionIndex": "returnPositionIndex1",
        "user": {
          "userId": "userId1",
          "processorSessionId": "processorSessionId1",
          "userType": "EmployeeId"
        }
      },
      "statusList": {
        "currentPage": "1",
        "totalPages": "1",
        "pageSize": "1",
        "positionIndex": "positionIndex1",
        "returnPage": "1",
        "returnPositionIndex": "returnPositionIndex1",
        "status": {
          "@xsi:nil": "true"
        }
      },
      "customData": {
        "currentPage": "1",
        "totalPages": "1",
        "pageSize": "1",
        "positionIndex": "positionIndex1",
        "returnPage": "1",
        "returnPositionIndex": "returnPositionIndex1",
        "valuePair": {
          "name": "name1",
          "value": "value1"
        }
      }
    },
    "remoteDepositFilter": {
      "remoteDepositIdList": {
        "currentPage": "1",
        "totalPages": "1",
        "pageSize": "1",
        "positionIndex": "positionIndex1",
        "returnPage": "1",
        "returnPositionIndex": "returnPositionIndex1",
        "remoteDepositId": "remoteDepositId1"
      },
      "accountIdList": {
        "currentPage": "1",
        "totalPages": "1",
        "pageSize": "1",
        "positionIndex": "positionIndex1",
        "returnPage": "1",
        "returnPositionIndex": "returnPositionIndex1",
        "accountId": "accountId1"
      },
      "accountStatusList": {
        "currentPage": "1",
        "totalPages": "1",
        "pageSize": "1",
        "positionIndex": "positionIndex1",
        "returnPage": "1",
        "returnPositionIndex": "returnPositionIndex1",
        "accountStatusPair": {
          "accountStatus": {
            "depositAccountStatus": "Active"
          },
          "accountSubStatus": "accountSubStatus1"
        }
      },
      "partyIdList": {
        "currentPage": "1",
        "totalPages": "1",
        "pageSize": "1",
        "positionIndex": "positionIndex1",
        "returnPage": "1",
        "returnPositionIndex": "returnPositionIndex1",
        "partyId": "partyId1"
      },
      "statusList": {
        "currentPage": "1",
        "totalPages": "1",
        "pageSize": "1",
        "positionIndex": "positionIndex1",
        "returnPage": "1",
        "returnPositionIndex": "returnPositionIndex1",
        "status": "ExceedsDepositLimit"
      },
      "actionList": {
        "currentPage": "1",
        "totalPages": "1",
        "pageSize": "1",
        "positionIndex": "positionIndex1",
        "returnPage": "1",
        "returnPositionIndex": "returnPositionIndex1",
        "action": "CreateSession"
      },
      "imageValidationIssueList": {
        "currentPage": "1",
        "totalPages": "1",
        "pageSize": "1",
        "positionIndex": "positionIndex1",
        "returnPage": "1",
        "returnPositionIndex": "returnPositionIndex1",
        "imageValidationIssue": "CARMismatchFailed"
      },
      "remoteDepositDateRange": {
        "startDateTime": "1900-01-01T01:01:01Z",
        "endDateTime": "1900-01-01T01:01:01Z"
      },
      "includeImageOnRead": "ArtifactIdOnly"
    },
    "remoteDepositList": {
      "currentPage": "1",
      "totalPages": "1",
      "pageSize": "1",
      "positionIndex": "positionIndex1",
      "returnPage": "1",
      "returnPositionIndex": "returnPositionIndex1",
      "remoteDeposit": {
        "action": "CreateSession",
        "remoteDepositId": "remoteDepositId1",
        "clientReferenceId": "clientReferenceId1",
        "vendorReferenceId": "vendorReferenceId1",
        "checkNumber": "checkNumber1",
        "routingTransitNumber": "routingTransitNumber1",
        "micrCheckAccountNumber": "micrCheckAccountNumber1",
        "amount": {
          "value": "1",
          "currencyCode": "USD",
          "exchangeRate": "1"
        },
        "cropped": "true",
        "frontImage": {
          "artifactId": {
            "artifactUniqueId": "artifactUniqueId1"
          },
          "artifactType": "artifactType1",
          "externalId": "externalId1",
          "artifact": "base64Binary Content",
          "artifactName": "artifactName1",
          "artifactDescription": "artifactDescription1",
          "artifactOwner": "artifactOwner1",
          "artifactCreationDate": "1900-01-01T01:01:01Z",
          "artifactModifiedDate": "1900-01-01T01:01:01Z",
          "artifactArchivedDate": "1900-01-01T01:01:01Z",
          "artifactDeletedDate": "1900-01-01T01:01:01Z",
          "artifactCompressionType": "artifactCompressionType1",
          "artifactArchived": "true",
          "customData": {
            "currentPage": "1",
            "totalPages": "1",
            "pageSize": "1",
            "positionIndex": "positionIndex1",
            "returnPage": "1",
            "returnPositionIndex": "returnPositionIndex1",
            "valuePair": null
          }
        },
        "backImage": {
          "artifactType": "artifactType1",
          "externalId": "externalId1",
          "artifact": "base64Binary Content",
          "artifactName": "artifactName1",
          "artifactDescription": "artifactDescription1",
          "artifactOwner": "artifactOwner1",
          "artifactCreationDate": "1900-01-01T01:01:01Z",
          "artifactModifiedDate": "1900-01-01T01:01:01Z",
          "artifactArchivedDate": "1900-01-01T01:01:01Z",
          "artifactDeletedDate": "1900-01-01T01:01:01Z",
          "artifactCompressionType": "artifactCompressionType1",
          "artifactArchived": "true"
        },
        "accountId": "accountId1",
        "status": "ExceedsDepositLimit",
        "imageValidationIssueList": {
          "currentPage": "1",
          "totalPages": "1",
          "pageSize": "1",
          "positionIndex": "positionIndex1",
          "returnPage": "1",
          "returnPositionIndex": "returnPositionIndex1",
          "imageValidationIssue": "CARMismatchFailed"
        },
        "remoteDepositNoteList": {
          "currentPage": "1",
          "totalPages": "1",
          "pageSize": "1",
          "positionIndex": "positionIndex1",
          "returnPage": "1",
          "returnPositionIndex": "returnPositionIndex1",
          "note": {
            "noteId": "noteId1",
            "recordType": "Account",
            "noteCode": "noteCode1",
            "noteText": "noteText1",
            "noteCreatedDateTime": "1900-01-01T01:01:01Z",
            "noteExpirationDate": "1900-01-01",
            "noteCreator": "noteCreator1"
          }
        },
        "submittedDateTime": "1900-01-01T01:01:01Z",
        "lastUpdateDateTime": "1900-01-01T01:01:01Z",
        "customData": {
          "currentPage": "1",
          "totalPages": "1",
          "pageSize": "1",
          "positionIndex": "positionIndex1",
          "returnPage": "1",
          "returnPositionIndex": "returnPositionIndex1",
          "valuePair": null
        }
      }
    }
  }
}