{
  "secureMessageList": {
    "@xmlns:xsi": "http://www.w3.org/2001/XMLSchema-instance",
    "currentPage": "1",
    "totalPages": "1",
    "pageSize": "1",
    "positionIndex": "positionIndex1",
    "returnPage": "1",
    "returnPositionIndex": "returnPositionIndex1",
    "secureMessage": {
      "secureMessageId": "secureMessageId1",
      "previousSecureMessageId": "previousSecureMessageId1",
      "threadId": "threadId1",
      "subjectLine": "subjectLine1",
      "messageFromList": {
        "currentPage": "1",
        "totalPages": "1",
        "pageSize": "1",
        "positionIndex": "positionIndex1",
        "returnPage": "1",
        "returnPositionIndex": "returnPositionIndex1",
        "secureMessageUser": {
          "userId": "userId1",
          "processorSessionId": "processorSessionId1",
          "userType": "EmployeeId",
          "partyId": "partyId1",
          "relationshipId": "relationshipId1",
          "accountId": "accountId1",
          "cardId": "cardId1"
        }
      },
      "messageToList": {
        "currentPage": "1",
        "totalPages": "1",
        "pageSize": "1",
        "positionIndex": "positionIndex1",
        "returnPage": "1",
        "returnPositionIndex": "returnPositionIndex1"
      },
      "carbonCopyList": {
        "currentPage": "1",
        "totalPages": "1",
        "pageSize": "1",
        "positionIndex": "positionIndex1",
        "returnPage": "1",
        "returnPositionIndex": "returnPositionIndex1"
      },
      "blindCarbonCopyList": {
        "currentPage": "1",
        "totalPages": "1",
        "pageSize": "1",
        "positionIndex": "positionIndex1",
        "returnPage": "1",
        "returnPositionIndex": "returnPositionIndex1"
      },
      "replyToList": {
        "currentPage": "1",
        "totalPages": "1",
        "pageSize": "1",
        "positionIndex": "positionIndex1",
        "returnPage": "1",
        "returnPositionIndex": "returnPositionIndex1"
      },
      "type": "Alert",
      "currentStatus": "Template",
      "statusLog": {
        "currentPage": "1",
        "totalPages": "1",
        "pageSize": "1",
        "positionIndex": "positionIndex1",
        "returnPage": "1",
        "returnPositionIndex": "returnPositionIndex1",
        "statusLogEntry": {
          "status": "Template",
          "messageAccessProfileId": "messageAccessProfileId1",
          "statusDateTime": "1900-01-01T01:01:01Z"
        }
      },
      "body": "body1",
      "bodyFormat": "Html",
      "documentIdList": {
        "currentPage": "1",
        "totalPages": "1",
        "pageSize": "1",
        "positionIndex": "positionIndex1",
        "returnPage": "1",
        "returnPositionIndex": "returnPositionIndex1",
        "documentId": "documentId1"
      },
      "doNotDeliverBeforeDateTime": "1900-01-01T01:01:01Z",
      "expirationDateTime": "1900-01-01T01:01:01Z",
      "requestId": "requestId1",
      "customData": {
        "currentPage": "1",
        "totalPages": "1",
        "pageSize": "1",
        "positionIndex": "positionIndex1",
        "returnPage": "1",
        "returnPositionIndex": "returnPositionIndex1",
        "valuePair": {
          "name": "name1",
          "value": "value1"
        }
      }
    }
  }
}