{
  "simpleValidationRequestFilter": {
    "@xmlns:xsi": "http://www.w3.org/2001/XMLSchema-instance",
    "applicantIdList": {
      "currentPage": "1",
      "totalPages": "1",
      "pageSize": "1",
      "positionIndex": "positionIndex1",
      "returnPage": "1",
      "returnPositionIndex": "returnPositionIndex1",
      "applicantId": "applicantId1"
    },
    "validationTypeList": {
      "currentPage": "1",
      "totalPages": "1",
      "pageSize": "1",
      "positionIndex": "positionIndex1",
      "returnPage": "1",
      "returnPositionIndex": "returnPositionIndex1",
      "validationType": "validationType1"
    },
    "partyIdList": {
      "currentPage": "1",
      "totalPages": "1",
      "pageSize": "1",
      "positionIndex": "positionIndex1",
      "returnPage": "1",
      "returnPositionIndex": "returnPositionIndex1",
      "partyId": "partyId1"
    },
    "relationshipIdList": {
      "currentPage": "1",
      "totalPages": "1",
      "pageSize": "1",
      "positionIndex": "positionIndex1",
      "returnPage": "1",
      "returnPositionIndex": "returnPositionIndex1",
      "relationshipId": "relationshipId1"
    },
    "simpleValidationStatusList": {
      "currentPage": "1",
      "totalPages": "1",
      "pageSize": "1",
      "positionIndex": "positionIndex1",
      "returnPage": "1",
      "returnPositionIndex": "returnPositionIndex1",
      "simpleValidationStatus": "Pass"
    },
    "validationSubmittedDateRange": {
      "startDateTime": "1900-01-01T01:01:01Z",
      "endDateTime": "1900-01-01T01:01:01Z"
    },
    "customData": {
      "currentPage": "1",
      "totalPages": "1",
      "pageSize": "1",
      "positionIndex": "positionIndex1",
      "returnPage": "1",
      "returnPositionIndex": "returnPositionIndex1",
      "valuePair": {
        "name": "name1",
        "value": "value1"
      }
    }
  }
}