{
  "transactionMessage": {
    "@xmlns:xsi": "http://www.w3.org/2001/XMLSchema-instance",
    "messageContext": {
      "cufxVersion": "1.0.3",
      "requestId": "requestId1",
      "vendorId": "vendorId1",
      "appId": "appId1",
      "fiId": "fiId1",
      "dataSourceId": "dataSourceId1",
      "environment": "Development",
      "returnDataFilter": "All",
      "includeBlankFields": "true",
      "includeZeroNumerics": "true",
      "userList": {
        "currentPage": "1",
        "totalPages": "1",
        "pageSize": "1",
        "positionIndex": "positionIndex1",
        "returnPage": "1",
        "returnPositionIndex": "returnPositionIndex1",
        "user": {
          "userId": "userId1",
          "processorSessionId": "processorSessionId1",
          "userType": "EmployeeId"
        }
      },
      "statusList": {
        "currentPage": "1",
        "totalPages": "1",
        "pageSize": "1",
        "positionIndex": "positionIndex1",
        "returnPage": "1",
        "returnPositionIndex": "returnPositionIndex1",
        "status": {
          "@xsi:nil": "true"
        }
      },
      "customData": {
        "currentPage": "1",
        "totalPages": "1",
        "pageSize": "1",
        "positionIndex": "positionIndex1",
        "returnPage": "1",
        "returnPositionIndex": "returnPositionIndex1",
        "valuePair": {
          "name": "name1",
          "value": "value1"
        }
      }
    },
    "transactionFilter": {
      "transactionIdList": {
        "currentPage": "1",
        "totalPages": "1",
        "pageSize": "1",
        "positionIndex": "positionIndex1",
        "returnPage": "1",
        "returnPositionIndex": "returnPositionIndex1",
        "transactionId": "transactionId1"
      },
      "partyIdList": {
        "currentPage": "1",
        "totalPages": "1",
        "pageSize": "1",
        "positionIndex": "positionIndex1",
        "returnPage": "1",
        "returnPositionIndex": "returnPositionIndex1",
        "partyId": "partyId1"
      },
      "accountIdList": {
        "currentPage": "1",
        "totalPages": "1",
        "pageSize": "1",
        "positionIndex": "positionIndex1",
        "returnPage": "1",
        "returnPositionIndex": "returnPositionIndex1",
        "accountId": "accountId1"
      },
      "accountStatusList": {
        "currentPage": "1",
        "totalPages": "1",
        "pageSize": "1",
        "positionIndex": "positionIndex1",
        "returnPage": "1",
        "returnPositionIndex": "returnPositionIndex1",
        "accountStatusPair": {
          "accountStatus": {
            "depositAccountStatus": "Active"
          },
          "accountSubStatus": "accountSubStatus1"
        }
      },
      "transactionType": "Debit",
      "transactionStatusList": {
        "currentPage": "1",
        "totalPages": "1",
        "pageSize": "1",
        "positionIndex": "positionIndex1",
        "returnPage": "1",
        "returnPositionIndex": "returnPositionIndex1",
        "transactionStatus": "Posted"
      },
      "transactionMinAmount": {
        "value": "1",
        "currencyCode": "USD",
        "exchangeRate": "1"
      },
      "transactionMaxAmount": {
        "value": "1",
        "currencyCode": "USD",
        "exchangeRate": "1"
      },
      "descriptionContains": "descriptionContains1",
      "checkNumberList": {
        "currentPage": "1",
        "totalPages": "1",
        "pageSize": "1",
        "positionIndex": "positionIndex1",
        "returnPage": "1",
        "returnPositionIndex": "returnPositionIndex1",
        "checkNumber": "checkNumber1"
      },
      "transactionEffectiveDateRange": {
        "startDateTime": "1900-01-01T01:01:01Z",
        "endDateTime": "1900-01-01T01:01:01Z"
      },
      "transactionPostedDateRange": {
        "startDateTime": "1900-01-01T01:01:01Z",
        "endDateTime": "1900-01-01T01:01:01Z"
      },
      "categoryList": {
        "currentPage": "1",
        "totalPages": "1",
        "pageSize": "1",
        "positionIndex": "positionIndex1",
        "returnPage": "1",
        "returnPositionIndex": "returnPositionIndex1",
        "category": "category1"
      },
      "sourceList": {
        "currentPage": "1",
        "totalPages": "1",
        "pageSize": "1",
        "positionIndex": "positionIndex1",
        "returnPage": "1",
        "returnPositionIndex": "returnPositionIndex1",
        "source": "Ach"
      }
    },
    "transactionList": {
      "currentPage": "1",
      "totalPages": "1",
      "pageSize": "1",
      "positionIndex": "positionIndex1",
      "returnPage": "1",
      "returnPositionIndex": "returnPositionIndex1",
      "transaction": {
        "transactionId": "transactionId1",
        "accountId": "accountId1",
        "type": "Debit",
        "amount": {
          "value": "1",
          "currencyCode": "USD",
          "exchangeRate": "1"
        },
        "description": "description1",
        "checkNumber": "checkNumber1",
        "dateTimePosted": "1900-01-01T01:01:01Z",
        "dateTimeEffective": "1900-01-01T01:01:01Z",
        "status": "Posted",
        "postedActualBalance": {
          "value": "1",
          "currencyCode": "USD",
          "exchangeRate": "1"
        },
        "postedAvailableBalance": {
          "value": "1",
          "currencyCode": "USD",
          "exchangeRate": "1"
        },
        "principalAmount": {
          "value": "1",
          "currencyCode": "USD",
          "exchangeRate": "1"
        },
        "interestAmount": {
          "value": "1",
          "currencyCode": "USD",
          "exchangeRate": "1"
        },
        "transactionFeeList": {
          "currentPage": "1",
          "totalPages": "1",
          "pageSize": "1",
          "positionIndex": "positionIndex1",
          "returnPage": "1",
          "returnPositionIndex": "returnPositionIndex1",
          "transactionFee": {
            "transactionFeeId": "transactionFeeId1",
            "transactionFeeDateTimePosted": "1900-01-01T01:01:01Z",
            "transactionfeeAmount": {
              "value": "1",
              "currencyCode": "USD",
              "exchangeRate": "1"
            },
            "transactionFeeCode": "transactionFeeCode1",
            "transactionFeeDescription": "transactionFeeDescription1"
          }
        },
        "merchantCategoryCode": "merchantCategoryCode1",
        "category": "category1",
        "source": "Ach",
        "escrowAmount": {
          "value": "1",
          "currencyCode": "USD",
          "exchangeRate": "1"
        },
        "customData": {
          "currentPage": "1",
          "totalPages": "1",
          "pageSize": "1",
          "positionIndex": "positionIndex1",
          "returnPage": "1",
          "returnPositionIndex": "returnPositionIndex1",
          "valuePair": null
        }
      }
    }
  }
}