{
  "transactionFilter": {
    "@xmlns:xsi": "http://www.w3.org/2001/XMLSchema-instance",
    "transactionIdList": {
      "currentPage": "1",
      "totalPages": "1",
      "pageSize": "1",
      "positionIndex": "positionIndex1",
      "returnPage": "1",
      "returnPositionIndex": "returnPositionIndex1",
      "transactionId": "transactionId1"
    },
    "partyIdList": {
      "currentPage": "1",
      "totalPages": "1",
      "pageSize": "1",
      "positionIndex": "positionIndex1",
      "returnPage": "1",
      "returnPositionIndex": "returnPositionIndex1",
      "partyId": "partyId1"
    },
    "accountIdList": {
      "currentPage": "1",
      "totalPages": "1",
      "pageSize": "1",
      "positionIndex": "positionIndex1",
      "returnPage": "1",
      "returnPositionIndex": "returnPositionIndex1",
      "accountId": "accountId1"
    },
    "accountStatusList": {
      "currentPage": "1",
      "totalPages": "1",
      "pageSize": "1",
      "positionIndex": "positionIndex1",
      "returnPage": "1",
      "returnPositionIndex": "returnPositionIndex1",
      "accountStatusPair": {
        "accountStatus": {
          "depositAccountStatus": "Active"
        },
        "accountSubStatus": "accountSubStatus1"
      }
    },
    "transactionType": "Debit",
    "transactionStatusList": {
      "currentPage": "1",
      "totalPages": "1",
      "pageSize": "1",
      "positionIndex": "positionIndex1",
      "returnPage": "1",
      "returnPositionIndex": "returnPositionIndex1",
      "transactionStatus": "Posted"
    },
    "transactionMinAmount": {
      "value": "1",
      "currencyCode": "USD",
      "exchangeRate": "1"
    },
    "transactionMaxAmount": {
      "value": "1",
      "currencyCode": "USD",
      "exchangeRate": "1"
    },
    "descriptionContains": "descriptionContains1",
    "checkNumberList": {
      "currentPage": "1",
      "totalPages": "1",
      "pageSize": "1",
      "positionIndex": "positionIndex1",
      "returnPage": "1",
      "returnPositionIndex": "returnPositionIndex1",
      "checkNumber": "checkNumber1"
    },
    "transactionEffectiveDateRange": {
      "startDateTime": "1900-01-01T01:01:01Z",
      "endDateTime": "1900-01-01T01:01:01Z"
    },
    "transactionPostedDateRange": {
      "startDateTime": "1900-01-01T01:01:01Z",
      "endDateTime": "1900-01-01T01:01:01Z"
    },
    "categoryList": {
      "currentPage": "1",
      "totalPages": "1",
      "pageSize": "1",
      "positionIndex": "positionIndex1",
      "returnPage": "1",
      "returnPositionIndex": "returnPositionIndex1",
      "category": "category1"
    },
    "sourceList": {
      "currentPage": "1",
      "totalPages": "1",
      "pageSize": "1",
      "positionIndex": "positionIndex1",
      "returnPage": "1",
      "returnPositionIndex": "returnPositionIndex1",
      "source": "Ach"
    }
  }
}