{
  "transferFilter": {
    "@xmlns:xsi": "http://www.w3.org/2001/XMLSchema-instance",
    "occurrenceIdList": {
      "currentPage": "1",
      "totalPages": "1",
      "pageSize": "1",
      "positionIndex": "positionIndex1",
      "returnPage": "1",
      "returnPositionIndex": "returnPositionIndex1",
      "occurrenceId": "occurrenceId1"
    },
    "recurringIdList": {
      "currentPage": "1",
      "totalPages": "1",
      "pageSize": "1",
      "positionIndex": "positionIndex1",
      "returnPage": "1",
      "returnPositionIndex": "returnPositionIndex1",
      "recurringId": "recurringId1"
    },
    "transferCompletedDateRange": {
      "startDateTime": "1900-01-01T01:01:01Z",
      "endDateTime": "1900-01-01T01:01:01Z"
    },
    "accountIDList": {
      "currentPage": "1",
      "totalPages": "1",
      "pageSize": "1",
      "positionIndex": "positionIndex1",
      "returnPage": "1",
      "returnPositionIndex": "returnPositionIndex1",
      "accountId": "accountId1"
    },
    "accountStatusList": {
      "currentPage": "1",
      "totalPages": "1",
      "pageSize": "1",
      "positionIndex": "positionIndex1",
      "returnPage": "1",
      "returnPositionIndex": "returnPositionIndex1",
      "accountStatusPair": {
        "accountStatus": {
          "depositAccountStatus": "Active"
        },
        "accountSubStatus": "accountSubStatus1"
      }
    },
    "partyIdList": {
      "currentPage": "1",
      "totalPages": "1",
      "pageSize": "1",
      "positionIndex": "positionIndex1",
      "returnPage": "1",
      "returnPositionIndex": "returnPositionIndex1",
      "partyId": "partyId1"
    },
    "relationshipIdList": {
      "currentPage": "1",
      "totalPages": "1",
      "pageSize": "1",
      "positionIndex": "positionIndex1",
      "returnPage": "1",
      "returnPositionIndex": "returnPositionIndex1",
      "relationshipId": "relationshipId1"
    },
    "occurrenceStatusList": {
      "currentPage": "1",
      "totalPages": "1",
      "pageSize": "1",
      "positionIndex": "positionIndex1",
      "returnPage": "1",
      "returnPositionIndex": "returnPositionIndex1",
      "occurrenceStatus": "Scheduled"
    },
    "recurringStatusList": {
      "currentPage": "1",
      "totalPages": "1",
      "pageSize": "1",
      "positionIndex": "positionIndex1",
      "returnPage": "1",
      "returnPositionIndex": "returnPositionIndex1",
      "recurringStatus": "Requested"
    },
    "minAmount": {
      "value": "1",
      "currencyCode": "USD",
      "exchangeRate": "1"
    },
    "maxAmount": {
      "value": "1",
      "currencyCode": "USD",
      "exchangeRate": "1"
    },
    "batchIdList": {
      "currentPage": "1",
      "totalPages": "1",
      "pageSize": "1",
      "positionIndex": "positionIndex1",
      "returnPage": "1",
      "returnPositionIndex": "returnPositionIndex1",
      "batchId": "batchId1"
    }
  }
}